image_id,label,split
026087.jpg,1,train
039093.jpg,0,train
013906.jpg,1,train
188127.jpg,1,train
112134.jpg,1,val
160339.jpg,1,train
091065.jpg,1,val
140626.jpg,0,train
030537.jpg,1,train
062969.jpg,1,train
072657.jpg,0,val
024228.jpg,0,train
094408.jpg,1,train
049522.jpg,1,train
194755.jpg,0,train
123741.jpg,1,train
109137.jpg,1,train
070007.jpg,1,train
048719.jpg,1,train
058655.jpg,0,test
091049.jpg,1,train
046766.jpg,1,train
118045.jpg,0,train
121772.jpg,1,train
000241.jpg,0,train
065113.jpg,0,train
156829.jpg,1,train
043896.jpg,0,train
039897.jpg,0,train
021167.jpg,1,test
019058.jpg,1,train
091287.jpg,1,test
116713.jpg,1,train
012795.jpg,0,train
073002.jpg,1,val
193787.jpg,1,train
031269.jpg,1,train
177392.jpg,0,train
086709.jpg,1,train
094019.jpg,1,train
026673.jpg,0,test
154174.jpg,1,train
182816.jpg,1,val
168659.jpg,1,train
131869.jpg,0,train
186176.jpg,0,train
011765.jpg,0,train
141757.jpg,0,train
154823.jpg,0,train
131497.jpg,0,train
142200.jpg,1,train
120521.jpg,1,val
156272.jpg,1,train
149023.jpg,1,train
178962.jpg,0,val
111449.jpg,1,train
085547.jpg,0,train
010069.jpg,0,train
092560.jpg,1,train
075610.jpg,0,train
164908.jpg,1,train
000553.jpg,0,train
189340.jpg,1,train
027475.jpg,0,val
056351.jpg,0,train
022096.jpg,1,train
047802.jpg,1,train
027265.jpg,0,train
107072.jpg,0,train
041715.jpg,1,train
063515.jpg,0,train
105308.jpg,0,val
044825.jpg,1,val
051169.jpg,0,train
150248.jpg,0,train
003514.jpg,0,train
177457.jpg,1,train
081131.jpg,0,train
074232.jpg,0,train
031125.jpg,0,train
090860.jpg,1,train
063380.jpg,1,train
182677.jpg,1,train
098605.jpg,1,train
044523.jpg,1,train
081534.jpg,0,train
198777.jpg,1,train
031044.jpg,1,train
063231.jpg,1,train
012302.jpg,0,val
093105.jpg,1,test
113321.jpg,0,train
063463.jpg,1,train
149661.jpg,0,train
201951.jpg,1,train
132816.jpg,0,val
165807.jpg,0,val
159602.jpg,1,train
116100.jpg,0,train
062776.jpg,0,train
078123.jpg,0,train
058253.jpg,0,train
011278.jpg,1,train
072851.jpg,0,test
151170.jpg,1,train
040145.jpg,0,train
047419.jpg,1,train
157769.jpg,0,train
086863.jpg,1,train
064684.jpg,1,val
156233.jpg,0,train
190683.jpg,0,train
192202.jpg,0,train
003425.jpg,1,train
045559.jpg,0,train
037038.jpg,0,train
153835.jpg,1,val
160883.jpg,1,train
076001.jpg,0,train
097349.jpg,1,train
193979.jpg,0,train
201642.jpg,0,train
140341.jpg,1,train
130356.jpg,0,train
119628.jpg,1,train
025552.jpg,1,val
102971.jpg,0,train
173377.jpg,0,train
117947.jpg,1,train
197427.jpg,1,train
146277.jpg,0,train
175674.jpg,1,train
156822.jpg,1,train
132655.jpg,0,train
109190.jpg,1,train
137261.jpg,0,train
050743.jpg,1,val
145288.jpg,1,train
060497.jpg,1,train
165583.jpg,1,train
143445.jpg,1,train
126017.jpg,0,train
181454.jpg,1,train
128036.jpg,0,train
012719.jpg,0,train
071873.jpg,0,train
177782.jpg,1,val
044349.jpg,0,val
022178.jpg,0,train
131013.jpg,0,train
190755.jpg,0,train
049481.jpg,1,test
069797.jpg,0,train
037023.jpg,0,train
077951.jpg,0,val
112575.jpg,1,test
124927.jpg,1,train
017826.jpg,0,train
188443.jpg,0,train
151961.jpg,0,train
167965.jpg,0,train
178117.jpg,0,train
053059.jpg,0,train
118305.jpg,1,train
170646.jpg,1,train
178309.jpg,0,train
000575.jpg,1,train
145640.jpg,1,train
116105.jpg,1,train
032665.jpg,1,train
135115.jpg,1,train
005770.jpg,0,train
116327.jpg,0,train
164100.jpg,1,train
029835.jpg,0,train
067765.jpg,1,train
047128.jpg,1,train
181170.jpg,1,train
181599.jpg,1,test
159340.jpg,1,train
024782.jpg,1,train
170354.jpg,1,train
164780.jpg,1,train
125874.jpg,0,train
024414.jpg,0,train
132714.jpg,0,train
051858.jpg,1,train
019201.jpg,1,train
136513.jpg,1,train
063345.jpg,0,train
012392.jpg,1,train
069998.jpg,1,train
121375.jpg,1,train
162418.jpg,1,train
032713.jpg,0,train
098329.jpg,0,train
004798.jpg,0,train
112599.jpg,0,train
005509.jpg,1,train
023533.jpg,1,train
110453.jpg,0,train
126791.jpg,1,test
073132.jpg,0,train
144180.jpg,1,train
165373.jpg,0,train
140894.jpg,0,train
058146.jpg,0,train
188045.jpg,0,train
061659.jpg,1,train
149901.jpg,0,train
101725.jpg,0,train
108583.jpg,0,train
001401.jpg,1,test
112075.jpg,1,train
012874.jpg,0,train
090548.jpg,1,train
115091.jpg,1,train
162885.jpg,1,train
165534.jpg,1,train
095783.jpg,1,test
153887.jpg,0,train
016569.jpg,0,train
059901.jpg,0,train
036439.jpg,0,train
181008.jpg,1,val
035032.jpg,0,train
023332.jpg,1,train
011463.jpg,0,test
202568.jpg,1,train
090447.jpg,1,train
075121.jpg,0,train
113137.jpg,1,train
121224.jpg,1,train
086692.jpg,0,train
124544.jpg,0,train
059684.jpg,1,test
008508.jpg,1,train
012320.jpg,1,train
189988.jpg,1,test
048995.jpg,0,train
158352.jpg,1,test
149805.jpg,0,train
102266.jpg,0,train
104729.jpg,1,train
114654.jpg,1,train
146945.jpg,0,train
172970.jpg,0,train
185332.jpg,0,test
080915.jpg,1,train
073660.jpg,1,train
069623.jpg,0,train
112471.jpg,1,train
001166.jpg,1,train
180654.jpg,0,train
176227.jpg,0,train
030078.jpg,1,test
114152.jpg,0,train
010371.jpg,1,train
189918.jpg,0,train
163893.jpg,0,train
040765.jpg,0,test
015261.jpg,1,train
071992.jpg,1,train
136838.jpg,0,train
144152.jpg,0,val
160030.jpg,1,train
018504.jpg,1,train
100375.jpg,1,train
161761.jpg,0,val
195680.jpg,1,train
170410.jpg,0,val
051456.jpg,0,test
096565.jpg,1,train
193149.jpg,1,train
079461.jpg,0,train
079610.jpg,1,train
198457.jpg,0,train
172227.jpg,0,train
114856.jpg,0,train
021995.jpg,1,test
027311.jpg,0,train
196377.jpg,0,val
090439.jpg,0,train
046542.jpg,1,test
028341.jpg,0,train
003884.jpg,0,test
067740.jpg,0,val
158834.jpg,1,val
102831.jpg,0,train
119881.jpg,1,train
019190.jpg,0,train
192532.jpg,0,test
064690.jpg,0,test
170137.jpg,0,train
049174.jpg,0,train
054515.jpg,1,train
120966.jpg,0,test
099708.jpg,1,test
076103.jpg,0,train
171065.jpg,1,train
018876.jpg,1,train
018753.jpg,1,train
143435.jpg,0,train
054373.jpg,0,train
166591.jpg,1,train
104521.jpg,1,train
163069.jpg,1,train
052189.jpg,1,val
101991.jpg,1,train
121564.jpg,1,train
105411.jpg,1,train
038732.jpg,0,train
030735.jpg,1,train
094684.jpg,0,train
186068.jpg,1,test
097029.jpg,0,train
170385.jpg,1,train
184937.jpg,1,train
010740.jpg,0,train
163173.jpg,0,train
032984.jpg,0,test
153433.jpg,1,train
027697.jpg,0,train
109182.jpg,0,train
027769.jpg,0,test
194289.jpg,0,train
198819.jpg,0,train
136465.jpg,1,train
144847.jpg,1,train
131077.jpg,0,train
168627.jpg,0,train
045633.jpg,1,train
047523.jpg,0,train
106798.jpg,0,train
177617.jpg,1,train
150742.jpg,0,train
146925.jpg,1,val
014032.jpg,1,train
007936.jpg,1,train
028208.jpg,0,train
054304.jpg,1,train
190701.jpg,1,train
000675.jpg,1,train
107694.jpg,0,train
021875.jpg,0,val
161412.jpg,0,train
001756.jpg,1,test
123983.jpg,0,train
070027.jpg,1,train
027729.jpg,1,train
162566.jpg,1,train
034578.jpg,1,train
055145.jpg,0,train
009036.jpg,0,train
138425.jpg,1,train
029342.jpg,0,train
189845.jpg,1,train
129434.jpg,1,train
021828.jpg,0,train
129881.jpg,1,train
135182.jpg,0,test
070274.jpg,0,train
102376.jpg,0,train
057162.jpg,0,train
109674.jpg,0,train
193653.jpg,0,train
072288.jpg,0,train
143011.jpg,0,train
045790.jpg,1,train
030244.jpg,0,train
107804.jpg,1,train
124864.jpg,1,train
001598.jpg,1,train
023199.jpg,1,test
038092.jpg,1,train
005042.jpg,1,train
024950.jpg,0,train
022982.jpg,0,val
004801.jpg,1,val
061562.jpg,1,train
038581.jpg,0,train
021872.jpg,1,train
091010.jpg,0,train
045772.jpg,0,train
023212.jpg,0,train
152857.jpg,0,train
094791.jpg,1,train
172079.jpg,0,train
091573.jpg,1,train
127401.jpg,1,train
133956.jpg,0,train
074399.jpg,1,train
188570.jpg,0,test
008130.jpg,1,train
077798.jpg,0,train
134119.jpg,0,train
177565.jpg,0,train
067332.jpg,1,train
068599.jpg,0,train
008060.jpg,1,train
042360.jpg,1,train
187985.jpg,1,train
181338.jpg,0,train
150012.jpg,0,train
182280.jpg,0,train
183138.jpg,0,val
151593.jpg,0,train
059515.jpg,1,train
055784.jpg,1,train
126003.jpg,1,train
020874.jpg,1,train
076066.jpg,0,train
176209.jpg,1,train
028189.jpg,1,train
127471.jpg,1,train
128012.jpg,1,train
027538.jpg,1,train
013522.jpg,0,train
110261.jpg,0,test
155626.jpg,1,test
068056.jpg,0,val
016368.jpg,0,train
176179.jpg,1,val
044485.jpg,1,train
151348.jpg,0,train
183639.jpg,0,train
137116.jpg,1,train
176503.jpg,0,train
028520.jpg,0,val
011789.jpg,0,train
141267.jpg,1,train
148178.jpg,1,train
008464.jpg,0,test
145834.jpg,0,train
016571.jpg,1,train
150538.jpg,1,train
069518.jpg,0,train
133920.jpg,1,train
078017.jpg,0,train
121056.jpg,1,train
064535.jpg,1,train
035919.jpg,1,train
060568.jpg,0,val
089342.jpg,1,val
097308.jpg,1,train
114218.jpg,0,train
162029.jpg,1,train
098140.jpg,0,train
132256.jpg,0,train
186779.jpg,1,train
000595.jpg,0,train
147977.jpg,1,train
174450.jpg,0,train
021244.jpg,1,train
175714.jpg,0,train
150539.jpg,1,train
024689.jpg,1,train
168229.jpg,0,train
173180.jpg,0,test
179427.jpg,0,train
067383.jpg,0,train
052652.jpg,0,train
065014.jpg,0,train
115414.jpg,0,train
193167.jpg,1,train
094665.jpg,0,train
088659.jpg,1,train
012831.jpg,0,train
002544.jpg,0,val
078400.jpg,1,train
072868.jpg,1,train
131501.jpg,0,val
200686.jpg,0,train
002679.jpg,1,train
069624.jpg,0,train
086025.jpg,0,train
169934.jpg,1,train
148281.jpg,1,val
090286.jpg,1,test
072179.jpg,0,train
064855.jpg,1,train
008389.jpg,0,train
033846.jpg,0,train
085109.jpg,1,train
177714.jpg,1,train
008042.jpg,0,test
141461.jpg,1,train
062750.jpg,1,train
140286.jpg,0,test
194547.jpg,0,train
051471.jpg,1,train
052635.jpg,0,train
111902.jpg,0,train
129939.jpg,1,train
014613.jpg,1,train
185181.jpg,1,val
121540.jpg,1,val
038645.jpg,0,train
111123.jpg,0,train
047499.jpg,0,train
089681.jpg,0,val
076900.jpg,0,train
061749.jpg,1,train
157383.jpg,0,train
128453.jpg,0,train
129653.jpg,1,val
063023.jpg,0,train
055574.jpg,1,test
192615.jpg,0,train
117714.jpg,1,train
057581.jpg,0,train
138051.jpg,0,train
002768.jpg,1,train
055966.jpg,0,train
056572.jpg,0,train
092200.jpg,0,train
021658.jpg,1,train
110168.jpg,1,train
073567.jpg,1,train
154786.jpg,0,train
163779.jpg,0,train
187459.jpg,0,val
119424.jpg,1,train
096970.jpg,0,train
009321.jpg,0,val
148632.jpg,0,train
005835.jpg,1,test
123219.jpg,0,train
194211.jpg,0,train
195287.jpg,1,train
012980.jpg,0,train
094620.jpg,1,train
047704.jpg,1,val
141760.jpg,1,train
058206.jpg,1,train
104101.jpg,1,val
140361.jpg,0,train
114261.jpg,0,train
183332.jpg,0,train
021952.jpg,1,train
121811.jpg,0,train
010984.jpg,1,train
153440.jpg,1,train
008967.jpg,1,train
150688.jpg,0,train
051093.jpg,0,train
178070.jpg,0,train
004000.jpg,0,train
001101.jpg,1,train
114207.jpg,0,train
025334.jpg,0,train
115305.jpg,0,train
081391.jpg,1,train
023158.jpg,1,train
197995.jpg,1,train
042201.jpg,0,train
053134.jpg,1,train
001772.jpg,0,train
032650.jpg,1,train
181881.jpg,0,train
042707.jpg,0,val
148581.jpg,1,train
062577.jpg,0,train
011770.jpg,1,test
124233.jpg,0,val
006502.jpg,1,train
062274.jpg,1,train
087097.jpg,0,train
063655.jpg,0,val
051244.jpg,1,train
156843.jpg,1,train
195770.jpg,0,train
030215.jpg,1,train
039979.jpg,1,train
035123.jpg,1,train
124150.jpg,1,test
117260.jpg,0,train
058898.jpg,1,train
191527.jpg,0,train
107951.jpg,1,train
123087.jpg,0,train
174760.jpg,1,train
018013.jpg,0,train
148361.jpg,0,train
118685.jpg,1,train
008749.jpg,1,train
156940.jpg,0,train
061239.jpg,1,val
093464.jpg,1,train
189133.jpg,1,test
197298.jpg,0,train
043813.jpg,0,train
010335.jpg,1,train
191502.jpg,0,train
123271.jpg,1,train
112540.jpg,0,train
082931.jpg,1,train
118532.jpg,1,val
020849.jpg,0,train
171670.jpg,1,train
159565.jpg,0,train
168329.jpg,1,train
033198.jpg,1,train
094973.jpg,0,train
065636.jpg,1,train
201358.jpg,1,val
052717.jpg,0,train
140427.jpg,1,train
025376.jpg,0,train
123896.jpg,0,test
171904.jpg,0,train
071641.jpg,1,val
177352.jpg,1,val
144893.jpg,0,test
108819.jpg,1,train
135134.jpg,1,test
200277.jpg,1,train
172629.jpg,1,train
179234.jpg,1,train
007734.jpg,0,train
013251.jpg,0,train
148583.jpg,1,train
031693.jpg,1,train
099834.jpg,0,train
178580.jpg,1,train
018352.jpg,0,train
066106.jpg,0,train
037629.jpg,1,val
060554.jpg,0,val
189870.jpg,0,train
102875.jpg,1,train
154613.jpg,1,val
115516.jpg,0,train
156143.jpg,1,train
156295.jpg,0,train
167838.jpg,1,train
021870.jpg,0,train
198943.jpg,0,train
069960.jpg,1,val
026985.jpg,0,train
121959.jpg,0,train
105243.jpg,0,train
106914.jpg,1,train
099334.jpg,0,test
020626.jpg,1,train
020521.jpg,0,train
036250.jpg,0,train
016084.jpg,1,train
106870.jpg,1,train
133366.jpg,1,val
162441.jpg,1,train
169221.jpg,0,train
088720.jpg,0,train
130109.jpg,1,train
133607.jpg,1,train
171352.jpg,0,train
079553.jpg,0,train
077745.jpg,0,train
059625.jpg,1,val
011525.jpg,0,train
075702.jpg,1,val
036090.jpg,1,train
075022.jpg,1,train
128805.jpg,0,train
136177.jpg,1,train
138513.jpg,0,train
102538.jpg,0,train
061178.jpg,1,train
148808.jpg,0,train
169604.jpg,1,train
160833.jpg,0,test
103141.jpg,1,test
094570.jpg,0,train
165500.jpg,0,train
137867.jpg,1,train
087275.jpg,1,train
089776.jpg,0,train
025393.jpg,0,train
185415.jpg,0,train
033723.jpg,0,train
167009.jpg,0,train
126157.jpg,1,train
064471.jpg,0,train
153486.jpg,0,val
137249.jpg,1,train
140589.jpg,1,test
018814.jpg,0,train
132854.jpg,0,train
007205.jpg,0,train
066450.jpg,0,test
162933.jpg,1,train
193597.jpg,0,train
072348.jpg,1,val
077399.jpg,1,train
176557.jpg,0,train
012716.jpg,0,val
134962.jpg,1,train
086419.jpg,1,train
079227.jpg,0,train
176687.jpg,0,train
078095.jpg,0,train
107510.jpg,0,train
033822.jpg,0,train
170811.jpg,1,train
178084.jpg,1,test
089141.jpg,0,train
054201.jpg,1,train
093956.jpg,1,train
097652.jpg,1,train
041119.jpg,1,val
074225.jpg,1,train
182212.jpg,1,train
074198.jpg,0,test
175084.jpg,0,val
128684.jpg,1,test
185092.jpg,0,train
130774.jpg,1,train
091867.jpg,1,val
153587.jpg,1,train
055277.jpg,0,train
068436.jpg,1,train
049631.jpg,0,train
169343.jpg,0,train
056726.jpg,1,train
026911.jpg,1,train
006465.jpg,1,test
089446.jpg,0,val
003049.jpg,1,train
194779.jpg,0,train
163218.jpg,1,train
122003.jpg,1,train
181002.jpg,1,train
029127.jpg,0,train
078727.jpg,0,train
174213.jpg,0,train
031172.jpg,0,train
095135.jpg,1,train
095137.jpg,0,train
182133.jpg,1,train
198477.jpg,1,train
030752.jpg,0,train
152407.jpg,0,train
023608.jpg,0,train
166754.jpg,1,train
084392.jpg,1,train
017956.jpg,1,train
007409.jpg,0,train
124414.jpg,0,val
100026.jpg,0,train
184056.jpg,1,train
118891.jpg,0,train
059106.jpg,0,train
023360.jpg,0,train
129152.jpg,0,train
101894.jpg,1,train
048153.jpg,0,train
059103.jpg,1,test
034844.jpg,0,train
189616.jpg,0,train
030000.jpg,1,val
182148.jpg,1,test
049752.jpg,0,train
098807.jpg,0,train
013851.jpg,1,train
172805.jpg,1,train
123027.jpg,0,train
060360.jpg,0,train
023471.jpg,1,val
030158.jpg,1,train
165471.jpg,1,train
061605.jpg,0,train
144815.jpg,1,train
178520.jpg,1,train
036426.jpg,0,train
131820.jpg,0,train
049089.jpg,0,val
134974.jpg,0,val
145443.jpg,1,train
056806.jpg,1,train
184083.jpg,0,train
041880.jpg,0,train
006591.jpg,1,train
175774.jpg,1,train
005219.jpg,1,train
138399.jpg,0,val
027633.jpg,1,val
150513.jpg,1,train
167328.jpg,0,train
056018.jpg,0,train
085543.jpg,1,test
134339.jpg,1,train
139664.jpg,0,train
006479.jpg,1,train
015422.jpg,1,train
075535.jpg,0,val
072448.jpg,1,train
056588.jpg,0,test
137147.jpg,1,train
118823.jpg,1,train
017661.jpg,1,train
006297.jpg,1,train
100962.jpg,0,train
145828.jpg,0,train
137419.jpg,1,train
037824.jpg,1,test
002031.jpg,1,train
199197.jpg,1,train
073190.jpg,1,test
087229.jpg,0,train
027884.jpg,0,test
114182.jpg,0,test
008839.jpg,0,train
093885.jpg,0,train
186373.jpg,0,train
103566.jpg,1,train
091590.jpg,1,train
159994.jpg,1,train
035096.jpg,0,train
152641.jpg,0,train
102257.jpg,1,train
094833.jpg,1,train
131297.jpg,1,train
090562.jpg,1,train
143343.jpg,0,test
027662.jpg,1,train
015482.jpg,1,train
200196.jpg,0,train
165511.jpg,1,train
014255.jpg,0,train
132985.jpg,0,train
135436.jpg,0,train
052957.jpg,0,train
134865.jpg,1,test
151285.jpg,0,train
071725.jpg,0,val
198007.jpg,0,train
147266.jpg,0,train
089663.jpg,0,train
163547.jpg,1,train
146504.jpg,0,train
011804.jpg,0,train
176192.jpg,1,train
018534.jpg,0,val
189368.jpg,0,train
025125.jpg,0,train
004824.jpg,0,train
154172.jpg,1,train
037455.jpg,0,test
170619.jpg,1,train
036460.jpg,1,train
108949.jpg,1,val
064412.jpg,0,train
039650.jpg,0,val
026519.jpg,1,train
106929.jpg,1,train
141817.jpg,1,train
070534.jpg,1,test
035430.jpg,1,train
017729.jpg,0,train
087832.jpg,1,train
115615.jpg,0,train
163792.jpg,0,train
037857.jpg,1,train
173488.jpg,0,train
070241.jpg,1,val
181667.jpg,0,train
147726.jpg,1,train
114147.jpg,0,val
201177.jpg,0,train
027207.jpg,1,train
036163.jpg,1,test
177182.jpg,1,train
132625.jpg,0,train
134259.jpg,0,test
133044.jpg,0,train
031060.jpg,1,train
082445.jpg,1,test
071026.jpg,1,train
098618.jpg,1,train
139803.jpg,1,train
021603.jpg,0,val
138094.jpg,1,train
131589.jpg,0,train
004550.jpg,0,train
056896.jpg,0,train
168421.jpg,0,train
189477.jpg,0,train
193494.jpg,1,train
098510.jpg,1,train
023805.jpg,0,train
033046.jpg,1,train
095631.jpg,1,train
054943.jpg,0,train
044370.jpg,1,train
173144.jpg,0,test
195342.jpg,1,train
030998.jpg,0,train
111990.jpg,1,val
163476.jpg,1,train
198749.jpg,0,train
020983.jpg,1,train
173137.jpg,1,train
000266.jpg,1,val
162581.jpg,1,train
177099.jpg,0,train
127997.jpg,0,test
081795.jpg,1,train
142795.jpg,1,train
052795.jpg,1,train
041630.jpg,1,train
064098.jpg,1,val
015784.jpg,0,train
064427.jpg,0,train
170985.jpg,0,train
036264.jpg,1,train
070323.jpg,0,train
071165.jpg,0,train
172929.jpg,1,train
191286.jpg,1,train
144345.jpg,1,val
199230.jpg,0,train
197525.jpg,1,train
097709.jpg,0,val
022122.jpg,1,train
107455.jpg,1,train
074464.jpg,0,train
001550.jpg,0,test
091398.jpg,0,train
198129.jpg,1,train
025966.jpg,0,train
066481.jpg,1,test
121140.jpg,1,train
159846.jpg,1,val
190069.jpg,0,train
017550.jpg,1,train
200355.jpg,1,train
034262.jpg,1,train
148351.jpg,0,train
016600.jpg,1,train
141849.jpg,0,train
028523.jpg,0,train
042166.jpg,0,val
099656.jpg,0,val
091070.jpg,1,train
047124.jpg,0,train
020756.jpg,1,val
080103.jpg,0,train
065397.jpg,1,train
163207.jpg,1,train
064247.jpg,0,train
127752.jpg,0,val
071030.jpg,1,test
001755.jpg,1,train
008902.jpg,1,train
085283.jpg,0,val
063784.jpg,0,train
178115.jpg,0,train
048900.jpg,0,train
035608.jpg,1,train
061845.jpg,1,train
046699.jpg,1,train
126916.jpg,1,train
123990.jpg,0,train
148073.jpg,1,train
077942.jpg,1,train
092485.jpg,1,train
156194.jpg,0,train
112849.jpg,0,train
097851.jpg,0,train
062183.jpg,0,train
019803.jpg,0,val
040314.jpg,1,train
001059.jpg,0,train
016660.jpg,1,train
147177.jpg,0,train
025938.jpg,1,test
006277.jpg,0,train
200140.jpg,1,val
027590.jpg,0,train
027433.jpg,0,train
060215.jpg,0,train
148842.jpg,0,test
125388.jpg,1,train
154160.jpg,0,train
085712.jpg,1,train
168113.jpg,1,test
201594.jpg,0,train
141434.jpg,1,train
081830.jpg,0,train
164505.jpg,1,train
076620.jpg,0,train
036719.jpg,0,train
141738.jpg,0,val
106927.jpg,1,val
056059.jpg,1,train
180858.jpg,1,train
030398.jpg,0,train
084389.jpg,0,train
037925.jpg,1,train
193171.jpg,1,train
182802.jpg,0,test
054902.jpg,0,train
030298.jpg,1,train
101613.jpg,1,train
141302.jpg,0,train
053616.jpg,0,train
070799.jpg,0,train
012900.jpg,1,train
188078.jpg,0,test
094029.jpg,0,train
024902.jpg,1,val
040515.jpg,0,train
161376.jpg,1,test
125549.jpg,0,train
094216.jpg,1,train
145651.jpg,1,train
101564.jpg,1,train
116537.jpg,0,test
082394.jpg,0,test
165478.jpg,0,train
138494.jpg,0,train
175727.jpg,1,train
116021.jpg,0,train
083915.jpg,0,train
155373.jpg,0,train
109943.jpg,0,train
191671.jpg,1,train
131263.jpg,0,train
024613.jpg,0,train
149058.jpg,0,train
164766.jpg,1,train
137806.jpg,1,train
166637.jpg,0,train
037265.jpg,0,train
113182.jpg,1,train
135543.jpg,1,val
044898.jpg,0,val
172033.jpg,0,train
006355.jpg,1,train
130049.jpg,1,train
129875.jpg,0,train
035953.jpg,1,train
159287.jpg,0,train
095637.jpg,1,train
092496.jpg,0,train
165438.jpg,0,train
038286.jpg,1,train
120636.jpg,1,val
008218.jpg,0,train
006473.jpg,0,train
131327.jpg,0,train
200278.jpg,1,val
044290.jpg,1,train
106071.jpg,1,train
151705.jpg,0,train
044986.jpg,1,val
003709.jpg,1,train
055009.jpg,1,val
046616.jpg,1,train
124996.jpg,0,test
104638.jpg,1,train
180490.jpg,0,train
092242.jpg,0,train
019339.jpg,1,train
093867.jpg,0,train
111424.jpg,0,train
113818.jpg,0,train
180322.jpg,0,train
109652.jpg,1,train
129076.jpg,1,train
119961.jpg,1,train
034893.jpg,1,train
181639.jpg,1,train
196654.jpg,0,test
047431.jpg,1,train
025344.jpg,0,train
066714.jpg,0,train
155802.jpg,1,test
177224.jpg,1,train
117970.jpg,0,train
090320.jpg,0,train
024499.jpg,1,train
073970.jpg,1,train
002426.jpg,1,train
074194.jpg,0,val
169983.jpg,0,train
151137.jpg,0,train
016574.jpg,1,test
174085.jpg,0,test
097127.jpg,1,train
033433.jpg,0,test
043255.jpg,1,test
096362.jpg,1,test
123304.jpg,0,train
082165.jpg,1,train
104435.jpg,0,train
174740.jpg,1,train
155471.jpg,0,train
129817.jpg,0,val
091326.jpg,0,train
167794.jpg,1,train
093485.jpg,1,train
136351.jpg,1,train
019383.jpg,0,train
153921.jpg,1,test
064461.jpg,0,test
025353.jpg,1,train
128440.jpg,1,train
158278.jpg,1,train
083217.jpg,1,train
098580.jpg,1,train
089170.jpg,1,train
125586.jpg,1,train
177157.jpg,1,test
159975.jpg,1,train
109266.jpg,1,train
139210.jpg,1,train
095537.jpg,1,val
035982.jpg,1,val
154516.jpg,1,train
013253.jpg,1,train
064463.jpg,0,train
057374.jpg,0,train
077132.jpg,0,train
010200.jpg,0,train
005248.jpg,0,train
068384.jpg,0,train
090610.jpg,0,train
197605.jpg,1,train
150271.jpg,1,val
087385.jpg,1,test
065831.jpg,1,train
150316.jpg,1,train
120516.jpg,1,train
131751.jpg,1,train
132885.jpg,1,train
107146.jpg,1,train
004665.jpg,0,train
160028.jpg,1,train
072055.jpg,0,val
045805.jpg,0,val
046345.jpg,1,train
057026.jpg,0,val
052127.jpg,1,train
018114.jpg,1,train
170281.jpg,0,test
146155.jpg,0,train
183424.jpg,0,val
161638.jpg,1,train
131213.jpg,0,train
165735.jpg,1,train
097963.jpg,0,train
019173.jpg,0,train
032051.jpg,0,train
072848.jpg,1,train
047426.jpg,0,train
022634.jpg,1,train
124138.jpg,1,train
143974.jpg,0,train
119606.jpg,1,train
010700.jpg,1,train
155454.jpg,1,train
035726.jpg,0,train
125767.jpg,0,val
172468.jpg,1,train
076748.jpg,0,test
186454.jpg,1,test
136509.jpg,1,train
199297.jpg,0,val
002125.jpg,1,train
040626.jpg,1,train
026869.jpg,1,train
083944.jpg,0,train
013164.jpg,0,train
110755.jpg,0,test
051979.jpg,0,train
082801.jpg,1,train
104386.jpg,0,train
007189.jpg,1,val
103203.jpg,0,train
200029.jpg,0,train
033423.jpg,0,train
195434.jpg,1,train
121463.jpg,1,train
058045.jpg,1,train
177843.jpg,1,train
140941.jpg,1,train
179727.jpg,1,train
113763.jpg,1,train
151049.jpg,1,train
053579.jpg,1,train
032342.jpg,1,val
100778.jpg,0,train
037607.jpg,1,train
076126.jpg,1,test
127248.jpg,0,test
078950.jpg,0,train
005733.jpg,0,train
037601.jpg,0,train
151626.jpg,0,train
138011.jpg,0,test
072797.jpg,0,train
202590.jpg,1,train
080452.jpg,0,train
063611.jpg,1,train
032534.jpg,1,train
173814.jpg,0,train
148354.jpg,0,train
033197.jpg,0,val
078572.jpg,1,train
009562.jpg,1,train
079114.jpg,1,train
153631.jpg,0,val
113633.jpg,0,train
092497.jpg,0,train
019256.jpg,0,train
106004.jpg,0,train
147517.jpg,1,train
175404.jpg,1,train
058682.jpg,0,train
137444.jpg,1,train
032224.jpg,0,train
077985.jpg,0,val
161978.jpg,1,train
052233.jpg,0,test
132135.jpg,0,train
176135.jpg,0,train
005841.jpg,0,val
136963.jpg,0,train
136883.jpg,0,train
085525.jpg,1,val
092204.jpg,1,train
178144.jpg,0,train
084996.jpg,0,train
004053.jpg,0,train
103801.jpg,1,val
193036.jpg,0,train
089093.jpg,1,train
155982.jpg,1,train
188068.jpg,0,train
174491.jpg,0,train
036014.jpg,1,train
054116.jpg,1,train
178163.jpg,0,train
165710.jpg,1,train
184358.jpg,0,train
169593.jpg,1,train
015179.jpg,1,train
105627.jpg,0,test
107323.jpg,0,train
127336.jpg,1,train
054359.jpg,0,train
186214.jpg,0,train
116613.jpg,0,train
172578.jpg,1,test
130125.jpg,1,test
076591.jpg,1,train
200351.jpg,0,train
088044.jpg,0,train
069898.jpg,1,train
137225.jpg,1,train
063320.jpg,1,val
106729.jpg,0,train
150663.jpg,1,train
125683.jpg,0,train
103359.jpg,1,train
040948.jpg,0,train
064001.jpg,0,test
166672.jpg,1,train
199879.jpg,1,train
091053.jpg,0,train
013327.jpg,1,train
041478.jpg,0,train
148485.jpg,0,train
069907.jpg,0,train
083983.jpg,0,train
186810.jpg,0,train
070073.jpg,0,train
088008.jpg,0,val
202169.jpg,0,test
112997.jpg,0,train
073473.jpg,0,test
154917.jpg,0,train
115932.jpg,1,test
008260.jpg,0,train
025630.jpg,1,train
167540.jpg,0,test
034869.jpg,1,train
056922.jpg,1,test
094987.jpg,1,test
142620.jpg,1,train
005165.jpg,1,train
120473.jpg,0,train
018297.jpg,1,test
146601.jpg,0,train
162117.jpg,0,train
110216.jpg,0,train
155719.jpg,0,train
100374.jpg,0,train
164116.jpg,1,train
102835.jpg,1,train
101161.jpg,1,val
007233.jpg,1,train
162749.jpg,0,train
090626.jpg,0,train
051798.jpg,0,test
031914.jpg,1,train
081581.jpg,1,train
035125.jpg,1,train
017797.jpg,1,train
160451.jpg,0,train
178766.jpg,0,train
032682.jpg,1,train
162227.jpg,0,test
017086.jpg,0,val
143663.jpg,1,train
106692.jpg,0,train
102670.jpg,1,train
081207.jpg,0,train
044585.jpg,1,train
085377.jpg,1,test
144397.jpg,1,test
034875.jpg,0,train
110745.jpg,1,train
007112.jpg,0,train
159483.jpg,0,val
099816.jpg,0,train
040851.jpg,0,train
127634.jpg,0,train
087448.jpg,0,train
194817.jpg,0,val
099364.jpg,1,train
139085.jpg,0,train
002665.jpg,0,val
189186.jpg,0,train
052926.jpg,1,train
007606.jpg,1,test
197916.jpg,1,test
096849.jpg,0,train
006463.jpg,0,train
104404.jpg,1,train
158383.jpg,1,train
184806.jpg,1,train
164621.jpg,1,train
190208.jpg,0,train
056902.jpg,1,train
095313.jpg,0,train
121621.jpg,0,train
131597.jpg,0,train
086557.jpg,0,train
085190.jpg,1,val
004921.jpg,1,train
054053.jpg,1,test
144207.jpg,1,train
048179.jpg,1,train
021884.jpg,1,test
192766.jpg,0,train
160398.jpg,0,train
088821.jpg,0,train
065781.jpg,1,train
141276.jpg,1,train
088490.jpg,0,train
002515.jpg,1,train
045512.jpg,1,train
062486.jpg,0,train
046371.jpg,0,train
024409.jpg,1,train
015793.jpg,1,train
169747.jpg,1,train
109234.jpg,0,train
025676.jpg,1,train
008040.jpg,0,train
053388.jpg,1,val
014602.jpg,1,train
026233.jpg,1,train
149736.jpg,1,val
073236.jpg,0,train
101303.jpg,0,train
109654.jpg,1,test
162109.jpg,0,train
149050.jpg,1,val
005347.jpg,0,train
027977.jpg,1,train
169981.jpg,1,test
122872.jpg,0,val
093388.jpg,1,train
150199.jpg,1,train
081686.jpg,0,train
131228.jpg,0,train
085246.jpg,1,train
121077.jpg,1,test
100100.jpg,1,train
106070.jpg,0,train
167220.jpg,0,train
167196.jpg,0,train
161414.jpg,1,train
096168.jpg,0,train
165212.jpg,0,train
111816.jpg,1,test
003943.jpg,1,train
032591.jpg,1,train
068870.jpg,0,test
157338.jpg,1,train
074691.jpg,0,train
074465.jpg,1,train
045571.jpg,0,train
172886.jpg,0,train
120082.jpg,1,test
042477.jpg,0,train
039468.jpg,0,train
184375.jpg,1,train
104085.jpg,1,train
028030.jpg,0,train
196253.jpg,1,train
006702.jpg,1,train
036369.jpg,0,train
011082.jpg,1,train
036228.jpg,1,train
122952.jpg,1,val
004523.jpg,0,train
146306.jpg,1,train
141178.jpg,0,train
194460.jpg,0,train
132600.jpg,1,train
018645.jpg,1,train
108150.jpg,1,train
023030.jpg,1,train
017410.jpg,0,train
105018.jpg,1,train
099513.jpg,1,train
011246.jpg,0,train
120759.jpg,1,train
158990.jpg,1,train
088480.jpg,1,train
029926.jpg,1,val
150084.jpg,0,train
027219.jpg,0,train
070459.jpg,1,train
067411.jpg,1,train
066830.jpg,0,test
050922.jpg,1,test
169294.jpg,1,train
124948.jpg,1,val
023596.jpg,1,train
125037.jpg,0,test
036902.jpg,1,train
135354.jpg,0,train
116557.jpg,0,train
196303.jpg,1,train
085818.jpg,0,train
181400.jpg,0,train
154813.jpg,0,train
194720.jpg,1,train
125801.jpg,0,val
011474.jpg,0,test
059888.jpg,0,train
199782.jpg,1,train
189032.jpg,0,train
130635.jpg,1,test
030689.jpg,1,train
023415.jpg,1,val
037273.jpg,0,train
155262.jpg,0,train
150327.jpg,0,train
147751.jpg,1,train
145110.jpg,0,train
162714.jpg,1,train
057195.jpg,0,train
119905.jpg,0,train
127154.jpg,0,test
156647.jpg,1,test
167061.jpg,0,train
182283.jpg,0,train
096873.jpg,1,train
161115.jpg,1,train
020343.jpg,0,train
107744.jpg,1,train
018065.jpg,1,train
013135.jpg,1,train
026292.jpg,1,train
064605.jpg,1,train
052057.jpg,0,test
091668.jpg,1,train
075025.jpg,1,train
072577.jpg,0,train
148435.jpg,1,val
193918.jpg,1,train
166285.jpg,1,train
082619.jpg,0,val
062346.jpg,1,train
200069.jpg,0,train
002919.jpg,0,train
045386.jpg,0,train
184920.jpg,1,train
064997.jpg,1,train
065614.jpg,1,train
049694.jpg,0,train
002468.jpg,0,train
145417.jpg,0,train
132367.jpg,0,train
187442.jpg,0,train
090759.jpg,0,train
085589.jpg,0,train
073094.jpg,0,train
000778.jpg,1,train
138878.jpg,1,train
179202.jpg,1,test
034569.jpg,0,test
009464.jpg,1,train
117393.jpg,1,val
064562.jpg,0,train
146859.jpg,0,train
141632.jpg,1,train
135963.jpg,0,train
008032.jpg,0,train
087313.jpg,0,train
066904.jpg,0,train
136882.jpg,0,train
150116.jpg,1,train
098139.jpg,1,test
041976.jpg,0,train
136315.jpg,1,train
070118.jpg,0,val
082341.jpg,0,train
186013.jpg,1,train
009463.jpg,0,train
155975.jpg,0,train
162097.jpg,1,val
121481.jpg,0,train
161796.jpg,1,train
040308.jpg,1,train
093441.jpg,1,train
134208.jpg,1,train
202090.jpg,0,train
053264.jpg,1,train
103787.jpg,1,train
044453.jpg,0,train
125002.jpg,1,train
133092.jpg,1,val
048178.jpg,1,train
029386.jpg,0,train
187491.jpg,1,train
155324.jpg,1,train
002435.jpg,1,train
151212.jpg,1,train
171292.jpg,1,train
037227.jpg,1,train
026187.jpg,1,val
133888.jpg,1,train
096524.jpg,1,train
084264.jpg,0,train
078385.jpg,0,train
029432.jpg,0,train
165607.jpg,1,train
158345.jpg,0,train
172956.jpg,0,train
011050.jpg,0,train
093004.jpg,1,train
195749.jpg,1,train
032365.jpg,0,train
148800.jpg,0,test
100741.jpg,1,train
161494.jpg,0,test
089639.jpg,0,train
080268.jpg,1,train
037701.jpg,0,train
122845.jpg,0,train
053710.jpg,1,train
137553.jpg,0,train
188344.jpg,0,train
116856.jpg,1,train
018852.jpg,0,train
153029.jpg,0,train
173977.jpg,1,train
093111.jpg,0,train
176413.jpg,0,train
077110.jpg,1,train
037995.jpg,0,train
054306.jpg,1,val
157690.jpg,0,train
096651.jpg,0,val
044580.jpg,1,train
082565.jpg,1,train
146452.jpg,1,test
069353.jpg,1,train
143625.jpg,1,test
075619.jpg,1,train
106974.jpg,0,train
118608.jpg,1,train
169547.jpg,1,train
099247.jpg,0,train
020941.jpg,1,train
084131.jpg,0,val
058759.jpg,0,train
101741.jpg,0,train
078714.jpg,0,train
099100.jpg,1,train
031175.jpg,1,train
127115.jpg,0,train
132056.jpg,0,train
037784.jpg,0,train
157772.jpg,1,train
038370.jpg,1,train
002172.jpg,0,train
154325.jpg,0,train
150209.jpg,1,train
106492.jpg,1,train
077195.jpg,1,train
125293.jpg,1,train
049516.jpg,0,train
187196.jpg,1,train
102990.jpg,0,train
123116.jpg,1,train
050342.jpg,1,train
191338.jpg,1,train
187343.jpg,0,train
185571.jpg,0,train
081090.jpg,1,test
196727.jpg,0,train
058360.jpg,1,train
113023.jpg,1,train
010868.jpg,0,train
078856.jpg,0,train
035668.jpg,0,test
021729.jpg,1,train
040581.jpg,0,train
134478.jpg,1,train
071070.jpg,0,test
051727.jpg,1,train
078866.jpg,0,train
071867.jpg,1,test
107920.jpg,1,train
121568.jpg,0,train
074941.jpg,1,train
198388.jpg,1,train
182993.jpg,0,train
015221.jpg,0,val
093655.jpg,1,train
187545.jpg,1,train
094777.jpg,1,test
078626.jpg,1,train
000938.jpg,1,train
084645.jpg,1,train
076939.jpg,1,train
124754.jpg,1,train
123041.jpg,0,train
045578.jpg,0,test
001616.jpg,1,test
022190.jpg,0,train
046334.jpg,0,train
010447.jpg,0,train
127515.jpg,0,train
024610.jpg,1,train
094615.jpg,1,test
097486.jpg,0,train
133152.jpg,0,train
155302.jpg,1,train
127887.jpg,0,test
110719.jpg,1,train
153449.jpg,0,val
176809.jpg,1,test
046368.jpg,1,train
196746.jpg,0,train
100628.jpg,0,train
111725.jpg,0,train
139881.jpg,0,train
095790.jpg,0,train
139926.jpg,1,train
032170.jpg,1,train
161482.jpg,1,train
199970.jpg,1,train
032124.jpg,1,train
077564.jpg,1,train
103421.jpg,0,train
134913.jpg,1,train
059542.jpg,1,test
035701.jpg,1,train
072252.jpg,1,train
100453.jpg,0,train
047521.jpg,0,test
074042.jpg,0,train
004441.jpg,1,train
147219.jpg,0,train
129632.jpg,1,train
178449.jpg,1,train
184012.jpg,0,train
200174.jpg,1,train
000098.jpg,0,train
007815.jpg,1,train
145421.jpg,1,train
028547.jpg,1,train
139734.jpg,1,train
038193.jpg,1,train
161573.jpg,0,train
059448.jpg,0,train
034520.jpg,0,train
060492.jpg,1,train
163531.jpg,1,train
039479.jpg,0,train
143473.jpg,0,train
009868.jpg,1,test
140435.jpg,1,train
146637.jpg,1,train
008853.jpg,0,train
201827.jpg,0,val
057613.jpg,1,train
061896.jpg,0,train
129087.jpg,1,train
015774.jpg,0,train
010873.jpg,0,train
024185.jpg,1,train
071016.jpg,0,train
016848.jpg,0,train
058686.jpg,1,train
044321.jpg,0,train
113513.jpg,0,train
194068.jpg,0,train
045160.jpg,0,train
026415.jpg,0,train
138020.jpg,1,train
003513.jpg,1,train
197831.jpg,0,train
136361.jpg,1,train
162623.jpg,0,train
141257.jpg,1,train
075177.jpg,1,train
083459.jpg,0,train
010641.jpg,1,train
173054.jpg,0,train
080017.jpg,1,train
189598.jpg,1,train
066103.jpg,1,train
175036.jpg,0,train
181033.jpg,0,train
028962.jpg,0,test
033374.jpg,0,train
103642.jpg,1,train
186854.jpg,1,train
155001.jpg,0,train
187865.jpg,0,train
199964.jpg,0,train
070272.jpg,0,train
046491.jpg,1,train
164541.jpg,0,train
062876.jpg,1,val
162725.jpg,0,train
155404.jpg,0,train
088352.jpg,0,train
138214.jpg,1,train
184510.jpg,1,train
047645.jpg,1,train
198933.jpg,0,train
078370.jpg,0,test
104198.jpg,1,train
191399.jpg,1,train
077253.jpg,1,val
145743.jpg,1,test
091901.jpg,0,val
091092.jpg,1,train
014349.jpg,0,train
012067.jpg,1,train
065197.jpg,0,train
015841.jpg,0,test
126302.jpg,1,val
133205.jpg,0,val
098595.jpg,1,train
190524.jpg,1,test
046248.jpg,1,train
187711.jpg,0,train
097497.jpg,0,val
149063.jpg,0,train
006918.jpg,0,train
158622.jpg,1,val
084128.jpg,1,train
170526.jpg,0,train
145685.jpg,1,train
099285.jpg,0,train
052931.jpg,1,train
012452.jpg,0,train
075095.jpg,1,test
051019.jpg,1,train
167043.jpg,1,train
180649.jpg,1,train
075718.jpg,0,train
160114.jpg,0,train
037911.jpg,1,train
026995.jpg,1,train
066614.jpg,1,train
163852.jpg,1,train
170723.jpg,1,train
120321.jpg,1,train
147056.jpg,1,train
010968.jpg,1,train
171462.jpg,0,train
038530.jpg,0,train
011983.jpg,1,train
088281.jpg,0,train
114701.jpg,1,train
104927.jpg,0,train
048365.jpg,0,val
156112.jpg,0,test
146764.jpg,1,train
031663.jpg,0,train
073725.jpg,0,train
055149.jpg,1,test
041893.jpg,0,train
095367.jpg,1,train
032981.jpg,0,train
067203.jpg,0,test
111707.jpg,1,val
143645.jpg,1,train
072106.jpg,1,train
025384.jpg,0,train
016947.jpg,1,test
076318.jpg,0,train
152592.jpg,0,train
038377.jpg,1,train
068096.jpg,1,train
094723.jpg,0,train
133921.jpg,0,train
111405.jpg,0,train
103120.jpg,0,train
031013.jpg,0,test
027795.jpg,1,train
021718.jpg,0,train
182940.jpg,0,train
035262.jpg,0,train
071278.jpg,0,train
182019.jpg,1,train
165329.jpg,0,train
118277.jpg,1,train
114622.jpg,1,train
107671.jpg,0,train
146347.jpg,0,test
159676.jpg,1,train
073726.jpg,1,train
106388.jpg,0,train
088103.jpg,1,train
084848.jpg,0,train
162430.jpg,0,train
070022.jpg,0,train
180131.jpg,1,train
065760.jpg,1,train
058479.jpg,0,test
052331.jpg,0,train
154338.jpg,0,train
159655.jpg,1,train
201722.jpg,0,train
166563.jpg,0,train
178776.jpg,0,train
051007.jpg,1,val
184710.jpg,1,train
076278.jpg,1,train
034328.jpg,1,train
014327.jpg,1,train
173639.jpg,0,train
158116.jpg,0,test
173012.jpg,0,train
198773.jpg,1,train
051518.jpg,1,train
070966.jpg,1,train
081670.jpg,0,train
186480.jpg,0,test
107266.jpg,0,train
074083.jpg,1,train
160382.jpg,1,train
025544.jpg,0,val
049172.jpg,0,train
176873.jpg,1,val
119109.jpg,1,train
057233.jpg,0,val
103383.jpg,0,train
060541.jpg,1,train
025621.jpg,1,train
082227.jpg,0,train
006816.jpg,1,train
167427.jpg,0,train
135707.jpg,0,train
183995.jpg,1,test
163658.jpg,0,train
125517.jpg,1,train
028533.jpg,0,train
067306.jpg,1,train
160955.jpg,1,val
134768.jpg,0,train
127740.jpg,0,test
061699.jpg,0,train
128926.jpg,0,train
115214.jpg,0,test
017003.jpg,0,train
132498.jpg,1,train
120277.jpg,0,train
054089.jpg,0,train
048293.jpg,0,val
181276.jpg,0,val
146804.jpg,0,train
067450.jpg,1,val
121440.jpg,0,train
045081.jpg,1,val
062586.jpg,1,train
027873.jpg,0,train
109595.jpg,1,train
059159.jpg,1,train
056255.jpg,0,train
195220.jpg,1,train
182529.jpg,1,train
162313.jpg,0,train
004066.jpg,1,train
018673.jpg,0,train
191563.jpg,0,train
167073.jpg,1,train
195506.jpg,1,train
066191.jpg,0,train
091283.jpg,0,train
101689.jpg,1,train
009454.jpg,0,train
122143.jpg,0,train
002774.jpg,0,train
012531.jpg,1,val
126511.jpg,1,train
114130.jpg,0,test
111151.jpg,1,train
084324.jpg,1,test
169372.jpg,0,train
048275.jpg,0,train
071483.jpg,1,train
006377.jpg,0,test
108260.jpg,0,train
042856.jpg,1,train
184900.jpg,1,test
103886.jpg,1,train
136911.jpg,0,train
065768.jpg,0,train
145887.jpg,0,val
071351.jpg,1,train
045020.jpg,0,test
182131.jpg,1,train
050936.jpg,0,train
125078.jpg,1,train
036632.jpg,1,train
072633.jpg,0,val
195777.jpg,1,train
026402.jpg,1,val
059713.jpg,0,val
174225.jpg,0,train
075242.jpg,0,train
033119.jpg,0,train
046678.jpg,1,val
165337.jpg,1,train
178744.jpg,0,train
149192.jpg,1,train
159750.jpg,0,train
116980.jpg,1,train
040630.jpg,0,train
109457.jpg,0,test
103483.jpg,1,val
127890.jpg,1,train
100948.jpg,0,train
053222.jpg,0,train
025669.jpg,1,train
078121.jpg,0,train
088932.jpg,1,train
007185.jpg,1,train
029729.jpg,0,train
139374.jpg,1,test
068867.jpg,1,val
194259.jpg,1,test
046579.jpg,1,train
055893.jpg,0,train
031686.jpg,1,val
037397.jpg,1,train
056862.jpg,0,train
156982.jpg,1,train
050915.jpg,0,val
130408.jpg,1,train
189844.jpg,1,train
055559.jpg,1,train
003981.jpg,1,train
127629.jpg,1,train
189167.jpg,0,train
043314.jpg,0,train
186959.jpg,1,train
199116.jpg,1,train
006982.jpg,1,train
195278.jpg,0,train
021180.jpg,0,train
172299.jpg,1,train
037828.jpg,0,train
105962.jpg,1,train
136447.jpg,0,train
158551.jpg,0,train
015877.jpg,0,train
035603.jpg,0,train
050713.jpg,0,train
009158.jpg,0,train
023553.jpg,0,val
140893.jpg,1,train
063310.jpg,1,train
012794.jpg,1,val
192082.jpg,0,val
086333.jpg,1,train
187045.jpg,1,train
186733.jpg,1,train
073108.jpg,1,train
068800.jpg,0,train
152520.jpg,0,train
147226.jpg,1,train
161552.jpg,0,train
020059.jpg,0,train
128310.jpg,0,train
119317.jpg,0,train
152972.jpg,1,train
167364.jpg,1,train
056846.jpg,1,train
082401.jpg,1,test
162927.jpg,0,train
169525.jpg,1,train
139184.jpg,1,train
166953.jpg,1,train
167542.jpg,0,train
085716.jpg,0,train
174170.jpg,0,test
131715.jpg,1,train
050736.jpg,1,train
099137.jpg,0,train
053096.jpg,0,train
143796.jpg,1,train
120131.jpg,1,train
050025.jpg,1,train
144828.jpg,1,train
033884.jpg,0,train
146031.jpg,1,test
181146.jpg,1,test
180342.jpg,0,train
050435.jpg,1,train
074271.jpg,0,train
044756.jpg,1,train
127289.jpg,1,train
073292.jpg,0,train
085625.jpg,0,val
117093.jpg,1,train
179020.jpg,1,train
193038.jpg,1,train
187120.jpg,1,test
160187.jpg,1,val
018162.jpg,0,train
059191.jpg,0,train
037934.jpg,1,train
196425.jpg,0,train
047965.jpg,0,train
102869.jpg,1,train
148500.jpg,0,val
137277.jpg,0,train
144583.jpg,0,train
057423.jpg,0,test
017035.jpg,1,train
180230.jpg,1,train
099076.jpg,0,val
095248.jpg,1,train
081824.jpg,0,train
189496.jpg,0,train
030332.jpg,0,val
186412.jpg,1,train
085241.jpg,1,train
101277.jpg,1,test
170705.jpg,0,test
083337.jpg,0,train
154334.jpg,0,val
150744.jpg,1,train
049855.jpg,1,train
011813.jpg,1,train
070650.jpg,1,train
056497.jpg,1,train
097093.jpg,0,train
033598.jpg,0,train
041228.jpg,1,train
038007.jpg,0,train
107138.jpg,0,train
124413.jpg,0,test
095168.jpg,1,train
111601.jpg,0,train
094056.jpg,0,train
032098.jpg,0,train
179380.jpg,1,train
193203.jpg,1,train
108188.jpg,0,train
057693.jpg,1,test
177988.jpg,1,val
065138.jpg,1,train
038074.jpg,0,train
120810.jpg,0,train
192687.jpg,0,train
032161.jpg,0,train
129803.jpg,0,train
178797.jpg,0,train
145012.jpg,0,val
172282.jpg,0,train
174950.jpg,1,train
073435.jpg,1,train
030407.jpg,1,train
127707.jpg,0,train
119796.jpg,1,train
125138.jpg,1,train
032121.jpg,0,train
115564.jpg,1,train
013783.jpg,0,train
047418.jpg,0,val
008598.jpg,1,val
106149.jpg,1,train
115377.jpg,0,train
141092.jpg,0,train
031842.jpg,0,val
140558.jpg,0,train
201815.jpg,0,train
078153.jpg,1,train
082945.jpg,0,train
048692.jpg,0,train
162603.jpg,1,val
119524.jpg,1,train
195649.jpg,1,train
168225.jpg,1,train
034655.jpg,0,train
053936.jpg,1,val
160166.jpg,0,train
057731.jpg,1,train
178950.jpg,1,val
055088.jpg,1,train
110187.jpg,1,test
090299.jpg,1,train
120332.jpg,0,train
201618.jpg,0,test
196339.jpg,1,train
062014.jpg,1,train
039088.jpg,1,train
053394.jpg,1,train
199401.jpg,1,test
013366.jpg,1,train
077505.jpg,0,train
085053.jpg,1,train
185082.jpg,0,train
175686.jpg,0,train
115679.jpg,0,train
054522.jpg,1,train
155052.jpg,1,train
173321.jpg,0,train
128510.jpg,1,train
191654.jpg,1,test
036284.jpg,0,train
167231.jpg,0,val
094160.jpg,1,train
190748.jpg,1,train
136407.jpg,1,train
034507.jpg,0,val
042821.jpg,0,train
181790.jpg,0,test
005391.jpg,0,train
054061.jpg,0,train
019302.jpg,1,train
047774.jpg,1,train
141099.jpg,0,train
202491.jpg,1,train
076985.jpg,1,train
051190.jpg,0,train
022169.jpg,0,test
051344.jpg,1,test
011720.jpg,0,train
186813.jpg,0,train
066297.jpg,0,train
001180.jpg,0,test
072193.jpg,0,train
064506.jpg,0,train
143768.jpg,1,train
125508.jpg,0,train
002124.jpg,1,train
045218.jpg,0,train
058097.jpg,0,val
184262.jpg,0,val
076684.jpg,0,test
002782.jpg,1,train
101509.jpg,0,train
066526.jpg,0,train
138951.jpg,1,train
165417.jpg,1,train
155233.jpg,0,test
026157.jpg,1,train
136541.jpg,0,train
089538.jpg,0,train
047506.jpg,0,train
046757.jpg,0,train
172245.jpg,0,train
162006.jpg,0,train
198736.jpg,1,train
124310.jpg,1,train
059226.jpg,1,val
187470.jpg,0,test
056474.jpg,0,train
185910.jpg,1,train
198856.jpg,1,train
004591.jpg,0,train
142796.jpg,0,train
090866.jpg,1,train
033482.jpg,0,train
128235.jpg,0,train
122205.jpg,1,train
044832.jpg,0,train
117803.jpg,1,train
180992.jpg,0,train
169493.jpg,0,train
201854.jpg,1,train
138013.jpg,0,train
057428.jpg,0,train
141631.jpg,0,val
196890.jpg,1,val
181662.jpg,0,train
172203.jpg,0,train
141944.jpg,1,train
141066.jpg,0,train
199627.jpg,0,train
114572.jpg,1,train
167645.jpg,1,train
022859.jpg,0,train
074830.jpg,0,train
082956.jpg,1,test
177660.jpg,0,train
005693.jpg,1,train
046526.jpg,1,train
177247.jpg,1,train
176948.jpg,1,train
137119.jpg,1,train
200384.jpg,1,val
105752.jpg,0,train
083028.jpg,1,train
183810.jpg,0,train
031730.jpg,0,train
112736.jpg,1,train
075173.jpg,1,train
151493.jpg,1,train
141801.jpg,0,train
006205.jpg,1,train
066395.jpg,0,train
133682.jpg,0,train
137781.jpg,1,train
118262.jpg,0,val
179944.jpg,0,train
094171.jpg,1,train
089780.jpg,0,train
027212.jpg,1,test
000511.jpg,1,train
132549.jpg,0,train
082865.jpg,1,val
106651.jpg,0,test
096913.jpg,0,train
097267.jpg,0,train
003194.jpg,1,train
081326.jpg,0,train
058502.jpg,0,train
106861.jpg,0,train
052902.jpg,0,train
124268.jpg,1,train
030574.jpg,0,val
015989.jpg,1,test
030918.jpg,0,train
091104.jpg,1,train
073620.jpg,1,train
040407.jpg,1,train
167352.jpg,0,train
053834.jpg,1,train
119063.jpg,0,train
054592.jpg,0,train
013132.jpg,0,train
133478.jpg,1,train
039109.jpg,1,test
000720.jpg,1,train
143855.jpg,0,train
089487.jpg,1,val
087530.jpg,0,train
201417.jpg,0,train
054725.jpg,0,train
013902.jpg,0,train
010909.jpg,1,train
002708.jpg,1,test
067161.jpg,0,train
068889.jpg,1,train
090488.jpg,1,train
195796.jpg,1,val
196777.jpg,0,test
115668.jpg,0,val
075074.jpg,1,train
177541.jpg,0,train
031353.jpg,1,train
089095.jpg,1,train
051262.jpg,1,train
007008.jpg,1,train
185639.jpg,0,train
037708.jpg,1,val
003261.jpg,0,train
090948.jpg,1,train
074789.jpg,0,train
117919.jpg,0,train
015180.jpg,0,val
145846.jpg,0,train
020637.jpg,1,train
001554.jpg,1,train
067006.jpg,1,train
147890.jpg,1,train
084368.jpg,0,train
141504.jpg,1,test
136749.jpg,0,val
143748.jpg,0,train
035372.jpg,0,train
119914.jpg,0,train
137999.jpg,1,train
044376.jpg,1,train
044819.jpg,1,train
059783.jpg,1,train
062645.jpg,0,train
044058.jpg,0,val
173718.jpg,0,train
075239.jpg,1,val
193478.jpg,0,train
134626.jpg,1,train
021714.jpg,1,train
079609.jpg,1,train
105546.jpg,0,train
040698.jpg,0,train
050564.jpg,0,train
026895.jpg,1,train
004735.jpg,0,test
098608.jpg,1,train
156565.jpg,1,train
015730.jpg,1,train
157500.jpg,0,train
016663.jpg,1,test
069558.jpg,1,train
139020.jpg,0,train
128137.jpg,1,train
143000.jpg,1,val
195136.jpg,1,test
141446.jpg,1,train
175323.jpg,0,train
001396.jpg,0,test
060246.jpg,0,train
172689.jpg,1,train
147371.jpg,0,train
011618.jpg,0,test
052895.jpg,1,train
102868.jpg,0,train
123756.jpg,1,train
117250.jpg,0,train
001195.jpg,0,train
180220.jpg,1,train
140675.jpg,0,train
113621.jpg,1,test
088294.jpg,0,train
168975.jpg,1,train
190810.jpg,0,train
105856.jpg,0,train
190617.jpg,0,train
101774.jpg,0,train
194684.jpg,0,train
033638.jpg,1,train
200120.jpg,1,train
049350.jpg,1,train
136784.jpg,1,train
162546.jpg,0,train
191038.jpg,1,train
182647.jpg,1,train
181559.jpg,1,train
098612.jpg,0,val
124452.jpg,0,train
062964.jpg,0,train
075747.jpg,1,train
102646.jpg,0,val
090105.jpg,0,train
162531.jpg,0,train
154070.jpg,0,train
063113.jpg,1,train
022593.jpg,0,train
000310.jpg,1,train
121418.jpg,1,train
061428.jpg,0,test
075393.jpg,0,test
091488.jpg,1,train
114268.jpg,0,test
035052.jpg,0,train
126059.jpg,0,train
177743.jpg,0,train
097478.jpg,0,train
022116.jpg,1,train
150138.jpg,0,train
038727.jpg,1,train
027521.jpg,1,train
081245.jpg,0,train
172010.jpg,0,train
194600.jpg,0,train
079673.jpg,1,train
038535.jpg,1,train
163286.jpg,0,train
120283.jpg,0,train
052201.jpg,0,test
001556.jpg,0,train
072904.jpg,1,train
095395.jpg,0,train
029448.jpg,0,val
188688.jpg,0,train
073639.jpg,0,test
052424.jpg,1,train
159961.jpg,0,train
026194.jpg,0,train
090732.jpg,0,train
137052.jpg,0,train
101634.jpg,0,train
058049.jpg,1,train
079498.jpg,0,test
098124.jpg,0,train
145746.jpg,0,train
001703.jpg,1,train
123255.jpg,1,train
146631.jpg,1,train
119055.jpg,1,train
082372.jpg,0,train
147073.jpg,1,train
112412.jpg,1,train
191482.jpg,1,test
142586.jpg,0,val
066742.jpg,0,train
023280.jpg,0,train
092253.jpg,1,train
080511.jpg,0,train
064375.jpg,0,train
118514.jpg,1,train
012105.jpg,1,val
174841.jpg,0,train
035995.jpg,1,train
117793.jpg,0,train
129745.jpg,1,train
106946.jpg,1,train
104974.jpg,0,val
030406.jpg,1,train
070867.jpg,0,train
029507.jpg,0,train
041440.jpg,1,train
017538.jpg,0,train
109417.jpg,1,train
081547.jpg,1,train
111259.jpg,0,train
192759.jpg,1,train
136054.jpg,1,train
046254.jpg,1,val
136931.jpg,1,test
058936.jpg,1,train
089210.jpg,0,train
062926.jpg,1,train
172634.jpg,0,test
111722.jpg,0,test
112313.jpg,0,train
008436.jpg,0,train
024244.jpg,0,test
163020.jpg,1,train
039618.jpg,0,train
188553.jpg,1,train
162723.jpg,0,train
187050.jpg,1,val
126313.jpg,1,train
127452.jpg,0,train
124330.jpg,1,train
060974.jpg,0,train
022756.jpg,0,test
089189.jpg,0,train
046949.jpg,0,val
069597.jpg,0,test
036977.jpg,1,train
003952.jpg,0,train
106044.jpg,1,val
112319.jpg,1,train
088524.jpg,1,test
196683.jpg,1,train
134605.jpg,1,train
196548.jpg,1,train
022057.jpg,0,train
143865.jpg,1,train
168986.jpg,0,train
028220.jpg,0,train
056229.jpg,0,train
150217.jpg,0,test
087330.jpg,0,train
173551.jpg,1,val
117304.jpg,0,train
154752.jpg,0,train
004804.jpg,1,train
179973.jpg,1,train
020646.jpg,1,train
080549.jpg,1,train
180892.jpg,1,train
081520.jpg,0,train
140161.jpg,1,val
022047.jpg,1,train
083560.jpg,0,train
134762.jpg,1,train
042842.jpg,0,train
122762.jpg,1,train
053325.jpg,1,train
129711.jpg,1,train
161686.jpg,1,train
095188.jpg,0,train
023275.jpg,1,train
161538.jpg,1,train
012933.jpg,1,train
132722.jpg,1,train
095023.jpg,1,test
121865.jpg,1,test
031160.jpg,1,train
052028.jpg,0,val
126583.jpg,1,train
177169.jpg,0,train
149287.jpg,0,train
173832.jpg,1,test
001506.jpg,1,train
003234.jpg,1,val
010780.jpg,1,test
034332.jpg,0,train
053829.jpg,1,train
167171.jpg,1,train
020743.jpg,0,train
184304.jpg,0,train
019652.jpg,1,train
114901.jpg,0,train
123848.jpg,0,train
150690.jpg,1,train
012975.jpg,1,val
166666.jpg,1,val
080996.jpg,0,train
159755.jpg,1,train
201194.jpg,0,train
049332.jpg,1,train
006980.jpg,1,train
069172.jpg,0,test
112928.jpg,1,test
159470.jpg,1,train
071276.jpg,0,train
091517.jpg,0,test
124144.jpg,1,train
109869.jpg,0,val
047522.jpg,0,train
123559.jpg,0,train
113304.jpg,1,train
133711.jpg,0,train
070072.jpg,0,train
029190.jpg,0,train
164069.jpg,0,train
036303.jpg,1,train
119550.jpg,1,train
098947.jpg,0,train
199795.jpg,0,train
085453.jpg,1,train
177812.jpg,0,train
094840.jpg,0,train
093837.jpg,0,test
139826.jpg,1,train
008079.jpg,0,train
004390.jpg,0,train
145460.jpg,1,train
188555.jpg,1,train
177687.jpg,0,train
000951.jpg,1,train
056608.jpg,0,train
184722.jpg,0,test
027628.jpg,0,train
105900.jpg,0,train
049183.jpg,1,train
105878.jpg,0,train
105232.jpg,1,train
183017.jpg,0,train
175332.jpg,0,test
172628.jpg,1,train
046541.jpg,1,train
174701.jpg,1,train
012891.jpg,0,train
166261.jpg,1,train
100452.jpg,1,train
201549.jpg,1,train
144901.jpg,1,train
171656.jpg,0,test
101527.jpg,0,train
030625.jpg,0,train
130499.jpg,0,train
186391.jpg,0,train
114175.jpg,0,test
098742.jpg,1,train
066225.jpg,0,train
050668.jpg,0,train
058826.jpg,0,train
134924.jpg,0,train
134418.jpg,0,train
104133.jpg,0,train
058309.jpg,1,val
135847.jpg,1,val
123936.jpg,0,train
110663.jpg,0,train
141823.jpg,0,train
145184.jpg,0,train
046658.jpg,0,test
189409.jpg,0,train
132217.jpg,0,train
180271.jpg,0,train
121139.jpg,0,train
106367.jpg,1,train
193569.jpg,0,train
136342.jpg,1,train
185062.jpg,0,val
150676.jpg,0,train
144956.jpg,0,val
151644.jpg,1,train
081139.jpg,0,train
070246.jpg,0,train
032727.jpg,0,val
086143.jpg,1,train
160431.jpg,0,val
160357.jpg,1,train
134321.jpg,0,train
068018.jpg,0,train
193470.jpg,1,val
074548.jpg,0,train
050152.jpg,0,train
046511.jpg,1,train
080521.jpg,1,test
106436.jpg,1,train
026004.jpg,1,train
083680.jpg,0,val
029491.jpg,0,train
079411.jpg,1,val
073297.jpg,0,train
164825.jpg,1,test
145493.jpg,1,train
047064.jpg,1,train
167862.jpg,0,train
036749.jpg,1,val
193632.jpg,0,train
191567.jpg,1,train
047165.jpg,0,train
037147.jpg,0,val
062867.jpg,0,test
076429.jpg,1,train
148066.jpg,1,train
083446.jpg,0,train
154124.jpg,0,train
085446.jpg,1,train
051218.jpg,0,train
066577.jpg,0,train
064168.jpg,1,train
058090.jpg,1,test
168403.jpg,1,val
195890.jpg,1,train
060808.jpg,0,train
100742.jpg,0,train
009484.jpg,0,train
045184.jpg,0,test
046510.jpg,1,train
180376.jpg,1,train
199859.jpg,0,train
171203.jpg,1,train
000683.jpg,1,test
052585.jpg,0,val
005057.jpg,1,train
038739.jpg,0,train
080412.jpg,0,train
095247.jpg,1,train
155717.jpg,1,train
076797.jpg,1,val
140296.jpg,0,train
076109.jpg,1,train
182661.jpg,0,train
137022.jpg,1,train
093664.jpg,1,val
121881.jpg,1,train
006159.jpg,1,train
192968.jpg,0,train
078820.jpg,1,train
199268.jpg,1,train
021829.jpg,0,train
087050.jpg,0,train
173749.jpg,1,train
037917.jpg,1,train
010816.jpg,1,train
196816.jpg,1,test
194890.jpg,0,train
074983.jpg,1,train
076315.jpg,1,train
019602.jpg,1,train
013476.jpg,1,train
113767.jpg,1,train
043690.jpg,1,train
135248.jpg,1,train
098659.jpg,1,val
087692.jpg,1,train
021598.jpg,1,train
197460.jpg,1,train
087092.jpg,1,train
029222.jpg,1,train
032071.jpg,0,train
161707.jpg,1,val
035088.jpg,1,val
052757.jpg,1,train
163278.jpg,0,val
059300.jpg,0,train
025756.jpg,0,test
164552.jpg,0,train
078988.jpg,0,train
174499.jpg,1,train
056937.jpg,1,train
034036.jpg,0,train
045746.jpg,0,train
112880.jpg,0,val
044374.jpg,0,train
104492.jpg,1,train
171038.jpg,0,train
079884.jpg,0,train
155812.jpg,0,val
178758.jpg,0,train
059586.jpg,1,test
092420.jpg,0,train
176205.jpg,0,train
128557.jpg,0,train
130794.jpg,1,train
135040.jpg,0,train
164949.jpg,0,train
099022.jpg,1,train
063943.jpg,0,train
171562.jpg,1,train
043519.jpg,0,val
159742.jpg,1,train
197393.jpg,1,train
084877.jpg,0,train
165198.jpg,0,train
046417.jpg,0,train
014763.jpg,1,train
014995.jpg,1,train
075129.jpg,0,train
075710.jpg,1,train
000646.jpg,1,test
054375.jpg,0,val
087825.jpg,1,train
193759.jpg,1,test
127916.jpg,0,train
022111.jpg,0,test
007938.jpg,0,train
020600.jpg,1,train
057888.jpg,0,train
058433.jpg,0,train
150445.jpg,1,train
109680.jpg,0,train
185228.jpg,0,train
068527.jpg,1,train
037133.jpg,1,train
087067.jpg,0,train
176130.jpg,0,val
018421.jpg,1,val
048346.jpg,1,train
053050.jpg,0,train
171714.jpg,1,val
165895.jpg,0,train
047474.jpg,0,train
134192.jpg,0,train
046399.jpg,1,train
031671.jpg,0,train
112477.jpg,0,train
180675.jpg,1,train
180964.jpg,1,train
088053.jpg,0,test
132107.jpg,1,train
000132.jpg,0,val
129937.jpg,0,train
140604.jpg,0,train
047598.jpg,0,train
157917.jpg,1,train
090975.jpg,0,train
140777.jpg,1,train
171382.jpg,0,train
187269.jpg,0,train
026718.jpg,1,train
148954.jpg,1,val
182374.jpg,1,train
192892.jpg,0,train
045406.jpg,1,train
157434.jpg,1,train
024719.jpg,1,train
030157.jpg,0,train
110430.jpg,0,train
065245.jpg,1,train
144561.jpg,1,train
171195.jpg,1,train
053128.jpg,1,train
087370.jpg,0,train
055455.jpg,0,train
124200.jpg,1,train
196500.jpg,1,train
162734.jpg,0,train
078743.jpg,0,train
081369.jpg,0,train
038316.jpg,0,train
058590.jpg,1,train
102928.jpg,0,train
010105.jpg,0,train
144425.jpg,0,train
100097.jpg,1,train
013858.jpg,0,train
122954.jpg,1,train
147269.jpg,0,train
050428.jpg,1,train
119421.jpg,1,train
149623.jpg,0,train
043139.jpg,1,train
093268.jpg,0,test
119683.jpg,0,train
186253.jpg,1,train
073161.jpg,0,train
084303.jpg,1,train
108111.jpg,1,test
090210.jpg,1,train
184565.jpg,1,train
128356.jpg,1,train
008725.jpg,1,train
160300.jpg,1,train
132330.jpg,0,train
136712.jpg,1,train
130506.jpg,1,train
001352.jpg,1,test
143141.jpg,1,test
063169.jpg,1,train
183540.jpg,0,train
022493.jpg,1,train
168112.jpg,1,train
057198.jpg,0,train
132669.jpg,1,train
149670.jpg,1,train
165946.jpg,0,train
012854.jpg,1,val
100463.jpg,0,test
001608.jpg,1,train
046896.jpg,1,train
018151.jpg,0,train
138330.jpg,1,train
068834.jpg,1,test
152354.jpg,1,train
105162.jpg,0,train
156553.jpg,0,train
187013.jpg,1,train
022875.jpg,1,train
085231.jpg,0,train
121709.jpg,1,train
174527.jpg,1,train
007576.jpg,0,test
121051.jpg,1,train
133701.jpg,1,train
016973.jpg,1,val
075314.jpg,1,train
090709.jpg,0,val
037738.jpg,1,train
001917.jpg,1,test
057196.jpg,0,train
037209.jpg,1,train
147778.jpg,0,train
002101.jpg,0,val
057495.jpg,0,train
101635.jpg,1,val
110992.jpg,0,train
030259.jpg,1,train
012333.jpg,0,train
152945.jpg,0,train
150339.jpg,0,train
111120.jpg,0,val
138511.jpg,1,train
135918.jpg,0,train
004596.jpg,1,train
069183.jpg,1,train
043062.jpg,0,train
061505.jpg,1,train
182513.jpg,0,train
099023.jpg,0,test
146956.jpg,0,train
033081.jpg,0,train
104025.jpg,1,train
103850.jpg,1,train
126861.jpg,1,train
081022.jpg,1,train
043419.jpg,1,train
147082.jpg,1,train
156212.jpg,0,train
023101.jpg,0,train
049314.jpg,0,train
133514.jpg,1,train
078870.jpg,1,test
007958.jpg,0,train
191057.jpg,0,val
171020.jpg,1,train
188324.jpg,0,train
198167.jpg,0,train
017875.jpg,1,train
105955.jpg,0,train
009516.jpg,0,test
094219.jpg,0,train
158954.jpg,1,train
009160.jpg,0,train
096572.jpg,0,train
166513.jpg,1,val
163643.jpg,0,train
024978.jpg,0,test
152757.jpg,1,train
033006.jpg,0,test
073330.jpg,0,train
145001.jpg,0,test
184548.jpg,0,test
114934.jpg,0,train
017990.jpg,0,test
154746.jpg,1,train
165521.jpg,0,train
014922.jpg,0,test
148332.jpg,0,train
147098.jpg,0,train
150869.jpg,1,train
110891.jpg,1,train
065035.jpg,1,train
150618.jpg,0,train
155403.jpg,0,val
031326.jpg,0,train
109155.jpg,1,train
166401.jpg,1,train
171488.jpg,1,train
023815.jpg,1,train
083692.jpg,0,train
024506.jpg,1,test
179436.jpg,1,train
118391.jpg,0,val
167302.jpg,1,train
021185.jpg,1,train
085559.jpg,0,train
168108.jpg,1,train
158251.jpg,1,train
012244.jpg,1,train
085560.jpg,1,test
191036.jpg,1,train
066003.jpg,0,train
063394.jpg,0,train
100524.jpg,0,train
163806.jpg,0,test
069348.jpg,1,train
019639.jpg,1,val
095093.jpg,0,train
058802.jpg,0,train
124366.jpg,0,test
186195.jpg,1,train
025463.jpg,1,val
033138.jpg,1,train
167896.jpg,1,test
138623.jpg,1,val
191462.jpg,1,train
140850.jpg,0,train
005415.jpg,0,train
073795.jpg,1,test
048116.jpg,1,train
157776.jpg,0,train
118252.jpg,1,train
009095.jpg,1,val
024752.jpg,1,train
048392.jpg,0,test
019414.jpg,0,train
170537.jpg,1,train
085753.jpg,0,train
047194.jpg,1,val
116406.jpg,0,train
016594.jpg,1,train
032570.jpg,0,train
059153.jpg,1,test
095511.jpg,1,train
118664.jpg,0,test
031411.jpg,1,train
134565.jpg,0,train
199428.jpg,0,test
097031.jpg,0,train
120486.jpg,0,test
026685.jpg,1,val
091855.jpg,0,train
048795.jpg,0,train
093613.jpg,1,train
139126.jpg,0,val
085698.jpg,1,train
013761.jpg,0,train
021345.jpg,1,val
037977.jpg,0,train
126772.jpg,0,train
104190.jpg,0,val
077124.jpg,0,train
189388.jpg,0,test
126300.jpg,0,train
155293.jpg,0,train
079175.jpg,1,train
039177.jpg,0,val
070261.jpg,1,train
103220.jpg,1,train
112671.jpg,1,train
146374.jpg,1,train
112344.jpg,1,train
048318.jpg,1,train
049500.jpg,1,train
111940.jpg,0,train
198147.jpg,1,val
122684.jpg,1,train
176075.jpg,0,train
174241.jpg,0,val
135428.jpg,0,train
053693.jpg,1,train
155881.jpg,0,train
048542.jpg,0,train
054453.jpg,1,train
105403.jpg,0,train
052842.jpg,1,train
128799.jpg,0,val
192925.jpg,0,train
165980.jpg,1,test
094169.jpg,1,train
040389.jpg,1,train
191309.jpg,1,train
009159.jpg,0,train
010285.jpg,1,test
080490.jpg,0,train
107480.jpg,1,train
160592.jpg,0,train
063725.jpg,0,val
182957.jpg,0,train
009939.jpg,0,val
169691.jpg,1,train
156542.jpg,1,train
060866.jpg,1,train
137733.jpg,1,train
007658.jpg,1,val
070687.jpg,1,train
082241.jpg,0,train
051309.jpg,0,val
134090.jpg,1,train
100973.jpg,1,test
098035.jpg,0,train
020554.jpg,1,train
014739.jpg,0,test
024058.jpg,0,train
164574.jpg,0,train
072229.jpg,0,train
180772.jpg,1,train
145153.jpg,1,train
043101.jpg,1,train
117456.jpg,1,train
115800.jpg,0,train
113408.jpg,0,train
191141.jpg,1,train
108089.jpg,1,val
168069.jpg,1,train
022040.jpg,0,train
154758.jpg,0,train
097737.jpg,1,test
152700.jpg,0,train
004458.jpg,0,train
075260.jpg,1,train
085825.jpg,1,train
185754.jpg,1,train
047877.jpg,0,train
066593.jpg,0,train
018676.jpg,1,train
160581.jpg,1,train
147787.jpg,1,train
014273.jpg,1,train
062943.jpg,0,train
109250.jpg,0,train
194402.jpg,1,train
103582.jpg,1,train
138101.jpg,0,train
054601.jpg,0,val
138035.jpg,1,train
075265.jpg,0,val
062570.jpg,1,train
039821.jpg,0,train
032625.jpg,1,train
006055.jpg,1,train
017069.jpg,0,train
046697.jpg,0,train
137443.jpg,1,train
140367.jpg,1,train
081826.jpg,1,test
195685.jpg,0,train
178849.jpg,0,train
088856.jpg,0,test
023080.jpg,1,train
135816.jpg,1,val
025016.jpg,1,train
163299.jpg,1,val
116898.jpg,1,val
174632.jpg,1,train
064990.jpg,1,train
100819.jpg,1,train
093224.jpg,1,test
060135.jpg,0,test
047218.jpg,1,train
057312.jpg,0,train
110776.jpg,0,train
193439.jpg,0,train
094102.jpg,0,train
091781.jpg,1,train
062129.jpg,1,val
178295.jpg,1,train
023284.jpg,1,train
014668.jpg,0,val
146428.jpg,0,train
199037.jpg,1,train
025052.jpg,1,train
129253.jpg,0,val
043037.jpg,0,train
035776.jpg,1,train
067607.jpg,0,train
130068.jpg,1,train
083227.jpg,1,train
033235.jpg,0,train
139228.jpg,0,train
006927.jpg,1,train
160455.jpg,0,train
134830.jpg,0,test
042888.jpg,0,train
006260.jpg,0,train
118071.jpg,0,train
059160.jpg,1,train
163027.jpg,1,val
199980.jpg,0,test
179653.jpg,0,val
074416.jpg,1,train
055242.jpg,1,train
171959.jpg,0,train
161919.jpg,0,val
141772.jpg,1,train
065180.jpg,0,train
105786.jpg,0,train
145245.jpg,1,train
006869.jpg,1,train
051964.jpg,0,train
000006.jpg,0,train
016253.jpg,1,train
110219.jpg,1,train
056729.jpg,1,train
199865.jpg,0,train
176979.jpg,0,train
045356.jpg,1,train
129056.jpg,0,train
165249.jpg,0,train
056075.jpg,1,val
037963.jpg,1,train
178569.jpg,1,train
131515.jpg,0,train
122542.jpg,0,train
060001.jpg,1,train
117664.jpg,0,train
147780.jpg,0,val
181925.jpg,1,train
015654.jpg,0,train
082132.jpg,0,val
095659.jpg,0,test
035481.jpg,0,train
062908.jpg,1,test
176772.jpg,1,test
039924.jpg,0,train
112785.jpg,1,train
147035.jpg,1,train
033983.jpg,0,val
053413.jpg,1,train
044292.jpg,1,train
149735.jpg,0,train
147196.jpg,1,train
123344.jpg,1,train
200624.jpg,1,train
010407.jpg,0,train
112761.jpg,0,train
013662.jpg,0,train
098117.jpg,1,test
108325.jpg,1,train
088427.jpg,0,train
176461.jpg,1,train
113288.jpg,1,train
066623.jpg,1,train
055502.jpg,1,val
169067.jpg,0,train
148408.jpg,0,train
004655.jpg,0,train
060995.jpg,1,train
123538.jpg,0,train
016467.jpg,1,test
088826.jpg,0,train
067991.jpg,0,test
136591.jpg,1,train
005489.jpg,1,train
074713.jpg,0,test
086061.jpg,0,train
128761.jpg,0,train
079431.jpg,0,train
107923.jpg,1,train
074544.jpg,0,train
189331.jpg,0,train
070939.jpg,1,train
021739.jpg,0,train
127388.jpg,1,train
025272.jpg,0,train
006663.jpg,0,train
167265.jpg,0,test
024346.jpg,0,train
192041.jpg,0,train
013634.jpg,0,train
118357.jpg,0,train
010504.jpg,1,train
127381.jpg,1,train
095521.jpg,0,val
071897.jpg,1,train
031700.jpg,0,train
073241.jpg,0,train
177088.jpg,0,train
148815.jpg,0,train
007493.jpg,0,train
168173.jpg,1,train
011407.jpg,1,train
070774.jpg,0,val
110656.jpg,1,val
000930.jpg,1,train
072623.jpg,0,train
171544.jpg,1,val
047757.jpg,1,train
074837.jpg,0,train
064656.jpg,1,train
189922.jpg,1,train
188398.jpg,1,train
079299.jpg,1,train
045032.jpg,1,train
115460.jpg,0,train
014355.jpg,0,train
195752.jpg,0,test
121227.jpg,1,train
024960.jpg,1,train
108531.jpg,0,train
053362.jpg,1,train
059196.jpg,1,test
089290.jpg,0,train
058606.jpg,1,train
148085.jpg,0,train
103683.jpg,0,train
002991.jpg,0,train
129223.jpg,1,train
201180.jpg,1,train
110982.jpg,0,test
169352.jpg,0,train
083118.jpg,0,train
153041.jpg,0,train
061741.jpg,0,train
014823.jpg,0,train
081586.jpg,0,train
126107.jpg,0,train
021792.jpg,0,train
005904.jpg,0,val
121855.jpg,1,train
141386.jpg,0,train
090392.jpg,1,train
200777.jpg,0,train
132273.jpg,1,train
055061.jpg,0,train
029267.jpg,1,test
085130.jpg,1,test
141891.jpg,0,train
062406.jpg,0,train
186258.jpg,0,train
013746.jpg,1,train
083333.jpg,1,train
107050.jpg,0,val
047171.jpg,1,val
069429.jpg,1,train
011980.jpg,1,train
008962.jpg,1,train
027968.jpg,0,train
083414.jpg,0,train
055540.jpg,0,val
107749.jpg,0,train
134779.jpg,0,val
073535.jpg,0,test
076326.jpg,0,train
052918.jpg,0,train
164454.jpg,0,train
034304.jpg,1,train
095346.jpg,1,train
071926.jpg,1,train
041829.jpg,1,test
168799.jpg,1,train
016901.jpg,1,test
125558.jpg,0,train
183969.jpg,0,train
097052.jpg,1,train
057172.jpg,0,train
071441.jpg,1,train
039560.jpg,0,train
150776.jpg,0,train
124082.jpg,1,test
173730.jpg,0,train
164603.jpg,1,test
092789.jpg,1,train
152051.jpg,1,train
094631.jpg,0,train
124078.jpg,1,train
199179.jpg,1,train
150424.jpg,0,train
177721.jpg,0,train
002758.jpg,1,train
104254.jpg,0,train
117757.jpg,1,train
046884.jpg,1,train
123702.jpg,1,train
075406.jpg,1,train
160983.jpg,1,train
032741.jpg,0,train
042516.jpg,1,train
106588.jpg,0,train
112751.jpg,1,train
034987.jpg,1,test
114363.jpg,1,train
194030.jpg,0,train
190818.jpg,0,train
036061.jpg,0,test
033861.jpg,0,val
155935.jpg,0,train
157569.jpg,0,train
074652.jpg,1,train
196464.jpg,0,train
110954.jpg,0,test
187039.jpg,0,train
176473.jpg,1,val
138884.jpg,1,train
112937.jpg,0,train
021411.jpg,1,train
118451.jpg,1,train
106856.jpg,1,train
125075.jpg,1,train
003970.jpg,1,train
096154.jpg,0,train
024736.jpg,0,train
187955.jpg,0,train
118853.jpg,1,test
036766.jpg,0,train
191839.jpg,1,train
167071.jpg,0,train
034486.jpg,1,train
111130.jpg,0,train
169034.jpg,0,test
105317.jpg,0,val
162238.jpg,1,test
039810.jpg,0,train
042052.jpg,0,train
026871.jpg,1,train
044360.jpg,0,train
063991.jpg,0,train
128497.jpg,0,train
156782.jpg,0,train
182451.jpg,1,train
037781.jpg,1,val
197814.jpg,0,train
113798.jpg,0,train
033477.jpg,1,train
081124.jpg,0,train
153572.jpg,1,test
090358.jpg,0,train
079215.jpg,1,val
080105.jpg,0,train
182797.jpg,1,val
044196.jpg,0,train
179981.jpg,1,train
140573.jpg,0,train
066419.jpg,0,train
024876.jpg,1,train
122019.jpg,0,train
044074.jpg,0,train
185298.jpg,1,train
187587.jpg,0,train
191830.jpg,1,train
134466.jpg,0,train
192774.jpg,0,test
035456.jpg,1,train
099385.jpg,0,train
188714.jpg,0,train
072156.jpg,0,test
136414.jpg,0,train
041833.jpg,0,train
112290.jpg,1,train
193661.jpg,1,train
150499.jpg,0,train
099233.jpg,0,train
043380.jpg,1,test
054568.jpg,0,test
139745.jpg,0,train
170578.jpg,0,train
054718.jpg,1,test
009971.jpg,1,val
140011.jpg,0,train
060162.jpg,1,train
012799.jpg,0,train
041780.jpg,1,train
123830.jpg,0,train
134301.jpg,0,train
192157.jpg,1,test
028123.jpg,0,train
153574.jpg,0,train
061875.jpg,0,train
056530.jpg,1,train
089698.jpg,0,train
201505.jpg,1,train
042938.jpg,1,train
024856.jpg,1,train
059222.jpg,1,train
092103.jpg,1,train
117195.jpg,1,train
158702.jpg,1,train
004617.jpg,1,val
160171.jpg,0,train
156970.jpg,1,train
135845.jpg,1,val
081489.jpg,0,train
084253.jpg,0,train
014195.jpg,0,train
027617.jpg,0,val
008361.jpg,1,test
201035.jpg,1,train
120027.jpg,1,train
046332.jpg,0,train
020922.jpg,0,test
202581.jpg,0,train
091582.jpg,0,train
059562.jpg,1,train
125725.jpg,0,val
042846.jpg,0,train
147393.jpg,0,test
189717.jpg,1,train
029675.jpg,0,train
077682.jpg,0,train
088389.jpg,0,train
152203.jpg,1,train
200596.jpg,0,train
076110.jpg,1,train
016475.jpg,0,val
182314.jpg,0,train
181997.jpg,1,train
116009.jpg,0,train
066146.jpg,0,val
141435.jpg,0,test
151715.jpg,0,val
074421.jpg,1,test
153616.jpg,1,train
082914.jpg,1,train
165443.jpg,0,train
045461.jpg,0,test
075730.jpg,0,train
157495.jpg,1,train
038887.jpg,0,train
137764.jpg,0,train
079667.jpg,1,test
190658.jpg,1,train
124213.jpg,0,train
086775.jpg,1,val
068400.jpg,0,test
105989.jpg,0,train
136496.jpg,1,test
058850.jpg,1,train
157970.jpg,0,train
021670.jpg,0,val
127601.jpg,1,train
189671.jpg,1,train
037019.jpg,0,train
122309.jpg,0,test
116414.jpg,1,train
105888.jpg,0,train
174815.jpg,0,train
109496.jpg,0,train
200254.jpg,0,train
117297.jpg,0,val
052965.jpg,1,test
097347.jpg,1,train
143138.jpg,1,train
033057.jpg,0,train
087917.jpg,0,train
024454.jpg,1,train
118175.jpg,0,train
183583.jpg,0,train
032657.jpg,0,test
063510.jpg,0,train
116093.jpg,1,train
134582.jpg,0,train
050812.jpg,1,train
161306.jpg,1,train
113323.jpg,0,test
024023.jpg,0,train
147866.jpg,0,train
009227.jpg,0,train
154684.jpg,0,train
034080.jpg,0,train
040620.jpg,0,train
105686.jpg,0,train
002608.jpg,0,train
184151.jpg,1,train
067207.jpg,1,train
192981.jpg,0,train
043317.jpg,0,train
071967.jpg,1,val
129028.jpg,1,test
033801.jpg,1,train
139836.jpg,0,train
106960.jpg,0,train
125658.jpg,1,val
039861.jpg,1,train
041512.jpg,0,train
040267.jpg,0,train
089352.jpg,1,train
003327.jpg,1,train
088586.jpg,1,train
091403.jpg,1,train
128837.jpg,1,train
145591.jpg,1,train
124425.jpg,0,test
154921.jpg,0,train
091290.jpg,1,train
036421.jpg,0,train
149580.jpg,1,train
176379.jpg,0,train
023874.jpg,0,train
007917.jpg,1,test
035947.jpg,1,test
101383.jpg,1,train
080536.jpg,0,train
120300.jpg,1,test
000335.jpg,1,val
178980.jpg,0,train
115898.jpg,0,train
043648.jpg,1,train
011749.jpg,1,train
178678.jpg,0,train
190218.jpg,0,train
114509.jpg,0,train
113589.jpg,1,train
101605.jpg,0,train
058629.jpg,1,train
069820.jpg,0,test
151564.jpg,0,train
055474.jpg,1,train
098179.jpg,0,train
121870.jpg,0,train
106668.jpg,1,train
158283.jpg,0,val
030577.jpg,1,train
200327.jpg,0,train
195549.jpg,0,train
025082.jpg,1,train
153039.jpg,0,train
144032.jpg,1,train
090106.jpg,1,train
143515.jpg,1,train
177094.jpg,1,train
184067.jpg,0,train
019790.jpg,1,train
003897.jpg,0,test
115107.jpg,0,val
121590.jpg,0,train
006669.jpg,1,test
137082.jpg,0,test
150299.jpg,1,test
041116.jpg,1,train
158945.jpg,0,train
190566.jpg,0,train
101909.jpg,1,train
087651.jpg,0,train
140260.jpg,1,train
094682.jpg,1,train
031145.jpg,0,test
085269.jpg,0,train
005583.jpg,1,train
189928.jpg,1,train
101396.jpg,0,train
178643.jpg,0,train
063566.jpg,0,train
057039.jpg,1,val
055643.jpg,1,val
099242.jpg,1,train
109271.jpg,1,train
196766.jpg,0,train
176988.jpg,1,train
114031.jpg,1,train
148218.jpg,0,train
063837.jpg,0,val
064231.jpg,1,train
181840.jpg,0,train
154087.jpg,1,train
111785.jpg,0,train
189495.jpg,0,train
144195.jpg,0,test
126729.jpg,1,val
075143.jpg,1,val
114011.jpg,1,train
187032.jpg,1,train
162245.jpg,0,val
187831.jpg,1,train
005233.jpg,0,train
004017.jpg,0,train
172565.jpg,0,train
125005.jpg,0,test
019807.jpg,1,train
182296.jpg,0,test
071557.jpg,1,train
070695.jpg,0,train
100965.jpg,0,train
190531.jpg,1,train
117314.jpg,1,train
118862.jpg,0,train
004242.jpg,1,train
045236.jpg,1,train
193405.jpg,0,train
126337.jpg,1,val
088420.jpg,1,val
171231.jpg,1,test
029860.jpg,1,train
132894.jpg,0,test
198218.jpg,0,train
001716.jpg,0,test
126014.jpg,0,train
000700.jpg,0,train
004602.jpg,1,train
060571.jpg,0,train
072649.jpg,0,train
123714.jpg,0,train
018685.jpg,0,train
060115.jpg,1,train
170708.jpg,0,train
146036.jpg,0,train
163144.jpg,1,train
125223.jpg,0,train
174814.jpg,0,train
165683.jpg,1,train
174324.jpg,0,train
124319.jpg,1,train
148838.jpg,1,train
103619.jpg,0,test
010643.jpg,0,train
033970.jpg,1,train
076245.jpg,1,train
099815.jpg,0,train
200709.jpg,1,val
167146.jpg,1,train
197113.jpg,0,train
017597.jpg,1,train
155622.jpg,0,train
032605.jpg,1,train
095078.jpg,1,train
182481.jpg,1,train
042641.jpg,0,train
119916.jpg,0,train
025582.jpg,1,train
142555.jpg,0,train
168568.jpg,1,val
200667.jpg,1,train
027812.jpg,0,train
098122.jpg,1,train
147385.jpg,1,val
018020.jpg,0,val
053767.jpg,1,test
071807.jpg,0,train
006451.jpg,1,train
190177.jpg,0,train
133061.jpg,0,train
165209.jpg,1,train
128939.jpg,1,train
118656.jpg,1,train
107463.jpg,0,train
100170.jpg,1,train
190798.jpg,0,train
042617.jpg,0,test
201860.jpg,1,train
116960.jpg,0,train
158643.jpg,1,train
111511.jpg,0,train
067605.jpg,0,train
088399.jpg,1,train
100413.jpg,0,train
130468.jpg,1,train
007880.jpg,1,train
197505.jpg,1,train
066653.jpg,1,train
009570.jpg,1,train
132874.jpg,0,train
073248.jpg,1,train
085481.jpg,1,train
061611.jpg,1,train
013117.jpg,1,test
034308.jpg,0,train
046169.jpg,1,test
135089.jpg,1,train
077255.jpg,0,train
085781.jpg,1,train
085767.jpg,0,train
086221.jpg,0,test
046819.jpg,1,train
161204.jpg,1,train
001571.jpg,0,train
119184.jpg,1,train
170232.jpg,0,train
066439.jpg,1,test
033075.jpg,1,train
108685.jpg,0,train
052183.jpg,0,train
133087.jpg,1,train
167596.jpg,0,val
104500.jpg,0,train
098878.jpg,0,train
004594.jpg,0,train
131727.jpg,1,train
159234.jpg,1,train
148068.jpg,0,train
145827.jpg,1,train
068530.jpg,1,train
139209.jpg,1,train
112207.jpg,1,train
096883.jpg,0,train
188940.jpg,1,test
095676.jpg,1,train
061182.jpg,0,train
041337.jpg,1,train
040071.jpg,1,train
147334.jpg,0,train
200922.jpg,0,train
058738.jpg,1,train
067002.jpg,1,train
049299.jpg,1,train
001744.jpg,0,train
173194.jpg,0,train
039875.jpg,0,train
007532.jpg,0,val
162660.jpg,1,train
010014.jpg,1,test
128106.jpg,1,train
075099.jpg,1,train
121290.jpg,0,val
185727.jpg,1,train
168859.jpg,0,test
160296.jpg,1,train
104932.jpg,1,train
010980.jpg,0,train
005377.jpg,1,train
129149.jpg,1,train
117759.jpg,0,train
031350.jpg,0,test
128279.jpg,1,train
112303.jpg,1,train
135116.jpg,1,train
079153.jpg,1,val
086088.jpg,1,train
005508.jpg,0,train
120963.jpg,1,train
106455.jpg,0,val
071529.jpg,0,train
019795.jpg,0,train
032477.jpg,0,test
200702.jpg,1,train
200696.jpg,0,train
185865.jpg,0,train
161627.jpg,0,train
135173.jpg,1,train
128806.jpg,1,train
115561.jpg,1,train
121770.jpg,0,test
163919.jpg,0,train
133684.jpg,1,train
052526.jpg,0,train
145824.jpg,1,train
165896.jpg,0,train
169873.jpg,1,test
114155.jpg,0,test
063868.jpg,1,train
106632.jpg,1,train
126159.jpg,0,train
186858.jpg,0,train
087219.jpg,0,train
129780.jpg,1,val
005448.jpg,0,train
007153.jpg,0,train
147090.jpg,0,train
104251.jpg,1,train
017756.jpg,1,test
150949.jpg,0,train
166116.jpg,1,train
029718.jpg,1,train
121552.jpg,0,train
037467.jpg,0,val
148439.jpg,0,train
162516.jpg,1,train
051420.jpg,1,train
055778.jpg,0,test
146298.jpg,0,train
180691.jpg,0,train
118596.jpg,0,train
135102.jpg,0,train
156118.jpg,1,train
039324.jpg,0,train
121657.jpg,0,train
149014.jpg,1,train
191291.jpg,0,test
073044.jpg,1,train
128059.jpg,0,train
137404.jpg,1,train
033716.jpg,1,train
153686.jpg,0,train
025553.jpg,0,train
015562.jpg,0,train
147282.jpg,0,train
117938.jpg,1,train
020862.jpg,1,train
130258.jpg,1,val
137843.jpg,1,test
142798.jpg,0,train
039519.jpg,1,train
080604.jpg,0,train
151903.jpg,1,val
094344.jpg,1,train
137395.jpg,1,train
054157.jpg,1,train
066424.jpg,1,train
086891.jpg,1,train
140479.jpg,0,val
080295.jpg,1,val
197459.jpg,0,val
037440.jpg,1,train
184579.jpg,0,train
147657.jpg,0,train
029353.jpg,1,test
051422.jpg,0,train
083314.jpg,0,train
029858.jpg,1,val
096643.jpg,1,train
027642.jpg,0,val
164984.jpg,1,train
064567.jpg,1,val
077839.jpg,0,train
039799.jpg,0,train
122303.jpg,0,train
034055.jpg,0,train
045102.jpg,0,train
137060.jpg,1,train
057772.jpg,0,train
109992.jpg,1,train
119756.jpg,0,train
050571.jpg,0,train
153625.jpg,1,train
048442.jpg,1,train
004575.jpg,0,train
186653.jpg,0,train
013042.jpg,1,train
185853.jpg,1,test
143444.jpg,1,test
186138.jpg,0,train
016045.jpg,1,train
131887.jpg,0,train
058420.jpg,1,train
046080.jpg,1,val
059066.jpg,1,test
119103.jpg,1,train
123055.jpg,1,train
063834.jpg,0,train
059162.jpg,0,train
082964.jpg,0,val
122339.jpg,1,train
050053.jpg,1,train
063011.jpg,0,val
077731.jpg,0,train
195234.jpg,1,test
177672.jpg,1,train
056644.jpg,1,train
172310.jpg,0,train
139469.jpg,1,train
093827.jpg,1,val
176384.jpg,1,train
138655.jpg,1,test
194239.jpg,1,test
148659.jpg,1,train
185615.jpg,1,train
172140.jpg,1,train
088381.jpg,0,train
183877.jpg,1,val
118397.jpg,0,train
140993.jpg,1,train
006069.jpg,1,train
163972.jpg,1,val
162889.jpg,1,train
119012.jpg,0,train
122778.jpg,1,train
104022.jpg,0,train
026164.jpg,0,val
093812.jpg,1,train
022568.jpg,1,train
071081.jpg,1,test
149127.jpg,1,train
176740.jpg,1,train
162958.jpg,1,train
157016.jpg,1,train
148732.jpg,1,train
107419.jpg,1,train
151287.jpg,0,val
017106.jpg,1,train
121452.jpg,1,train
120306.jpg,1,test
184503.jpg,0,train
016502.jpg,0,train
093610.jpg,1,train
052095.jpg,0,train
095152.jpg,0,train
013602.jpg,1,train
048304.jpg,0,train
142726.jpg,0,val
128136.jpg,1,train
140854.jpg,0,train
034585.jpg,1,train
099403.jpg,0,train
037718.jpg,0,train
020701.jpg,0,val
021700.jpg,0,test
097283.jpg,1,train
071031.jpg,1,train
141642.jpg,1,train
087079.jpg,0,train
174675.jpg,1,test
198052.jpg,1,train
103972.jpg,0,train
143547.jpg,0,val
171261.jpg,0,test
172471.jpg,0,train
007468.jpg,1,val
042085.jpg,0,train
142005.jpg,0,train
092069.jpg,1,train
143098.jpg,0,train
122752.jpg,1,train
199512.jpg,1,train
061376.jpg,1,train
179584.jpg,1,train
074939.jpg,0,train
080677.jpg,0,train
181844.jpg,0,train
128949.jpg,0,train
006286.jpg,0,train
084234.jpg,1,train
167409.jpg,0,test
200111.jpg,1,train
174532.jpg,1,train
067178.jpg,1,train
158130.jpg,1,train
118693.jpg,1,val
006794.jpg,0,train
158460.jpg,0,train
030688.jpg,0,train
145714.jpg,0,val
153395.jpg,0,train
134870.jpg,1,val
020942.jpg,1,train
184449.jpg,0,train
152268.jpg,1,train
163433.jpg,1,train
114581.jpg,0,train
004776.jpg,1,test
116871.jpg,0,train
106139.jpg,0,train
106905.jpg,1,train
080746.jpg,1,train
179808.jpg,0,train
185590.jpg,1,train
137304.jpg,1,train
007825.jpg,1,train
135531.jpg,0,train
043755.jpg,1,train
043730.jpg,0,train
183999.jpg,0,train
093696.jpg,1,train
120051.jpg,0,val
147084.jpg,0,train
073593.jpg,0,train
139139.jpg,0,train
066881.jpg,0,train
112055.jpg,0,train
046347.jpg,1,val
040904.jpg,0,train
088501.jpg,0,train
084379.jpg,1,train
038873.jpg,0,train
174271.jpg,0,test
106897.jpg,0,test
022127.jpg,1,test
182611.jpg,1,val
069113.jpg,1,train
151410.jpg,0,val
051807.jpg,0,train
056993.jpg,1,train
034550.jpg,0,train
031434.jpg,1,train
182609.jpg,0,val
194145.jpg,1,train
038010.jpg,0,test
080280.jpg,1,train
084769.jpg,0,val
072101.jpg,1,train
166743.jpg,1,train
045264.jpg,1,train
163089.jpg,1,train
165194.jpg,1,train
147294.jpg,1,train
201695.jpg,0,train
062865.jpg,0,train
006778.jpg,1,train
083542.jpg,1,train
072776.jpg,1,val
146446.jpg,1,train
041491.jpg,1,train
186961.jpg,0,train
080236.jpg,1,train
165006.jpg,0,train
052217.jpg,1,train
121022.jpg,0,train
115537.jpg,0,train
122546.jpg,1,val
026538.jpg,0,train
076863.jpg,1,train
003243.jpg,0,train
171000.jpg,0,train
136245.jpg,0,train
150333.jpg,0,train
015397.jpg,0,train
108077.jpg,0,train
125827.jpg,0,train
019439.jpg,0,train
174414.jpg,1,train
039100.jpg,0,train
187156.jpg,1,val
056177.jpg,1,val
035171.jpg,0,train
191152.jpg,0,train
153590.jpg,0,train
052466.jpg,0,test
010735.jpg,0,train
099602.jpg,1,train
112776.jpg,0,train
098823.jpg,0,train
118212.jpg,1,train
016592.jpg,0,train
115023.jpg,0,train
083053.jpg,1,test
141173.jpg,1,train
099530.jpg,0,train
143500.jpg,0,val
181851.jpg,0,train
172325.jpg,1,train
041217.jpg,0,train
106214.jpg,0,test
188456.jpg,1,train
040703.jpg,1,test
090878.jpg,0,train
197917.jpg,0,train
033588.jpg,0,train
170206.jpg,0,train
099275.jpg,0,train
149866.jpg,0,train
170181.jpg,1,val
024931.jpg,1,test
130019.jpg,1,train
169800.jpg,0,val
160345.jpg,0,train
104665.jpg,1,train
074417.jpg,1,train
092133.jpg,1,train
195769.jpg,0,train
047480.jpg,1,train
031602.jpg,1,train
147790.jpg,0,train
076575.jpg,1,train
087916.jpg,0,train
091712.jpg,1,val
089491.jpg,0,train
080599.jpg,0,train
036375.jpg,1,train
154173.jpg,1,train
091031.jpg,0,train
040064.jpg,1,train
124523.jpg,0,train
064852.jpg,0,train
100129.jpg,1,test
153648.jpg,0,train
070504.jpg,1,train
042891.jpg,1,train
182986.jpg,1,train
124867.jpg,0,train
132194.jpg,1,train
175762.jpg,0,test
105147.jpg,1,train
059940.jpg,1,train
173159.jpg,1,train
058730.jpg,0,train
065195.jpg,0,train
093825.jpg,0,val
089172.jpg,0,test
013542.jpg,1,train
073096.jpg,1,train
020848.jpg,0,train
112203.jpg,0,test
065585.jpg,0,train
125019.jpg,1,train
030947.jpg,1,val
042623.jpg,1,train
164843.jpg,0,train
040007.jpg,0,test
194731.jpg,1,train
104885.jpg,0,train
062453.jpg,0,train
088612.jpg,0,train
061342.jpg,1,train
077510.jpg,0,train
050007.jpg,0,train
149253.jpg,0,train
157761.jpg,1,train
082420.jpg,0,train
135039.jpg,0,train
125491.jpg,1,val
103311.jpg,0,train
145076.jpg,1,train
100440.jpg,1,train
172443.jpg,0,val
041566.jpg,0,test
161969.jpg,1,test
056718.jpg,1,val
180697.jpg,1,train
096061.jpg,1,train
145540.jpg,0,train
182798.jpg,0,train
169232.jpg,0,train
157337.jpg,0,train
059963.jpg,1,test
167730.jpg,0,train
169500.jpg,0,train
144129.jpg,1,train
152434.jpg,0,train
115623.jpg,0,train
073060.jpg,0,val
052273.jpg,1,val
171640.jpg,0,train
186529.jpg,1,train
192508.jpg,1,train
015678.jpg,1,train
195251.jpg,1,train
091085.jpg,0,train
081643.jpg,1,train
092668.jpg,0,train
056216.jpg,0,train
073961.jpg,0,train
200325.jpg,1,val
114897.jpg,1,train
160913.jpg,1,train
041047.jpg,0,train
015536.jpg,0,test
109782.jpg,1,val
088349.jpg,0,test
088243.jpg,0,val
030093.jpg,0,train
101138.jpg,1,val
166288.jpg,0,train
038038.jpg,0,train
066276.jpg,0,train
039017.jpg,1,val
063633.jpg,1,train
122113.jpg,1,train
060768.jpg,1,test
074003.jpg,0,train
121758.jpg,1,train
125165.jpg,1,test
159979.jpg,0,train
016700.jpg,0,train
158146.jpg,1,train
060982.jpg,0,train
054963.jpg,1,train
109746.jpg,1,train
106571.jpg,1,train
086893.jpg,1,train
012654.jpg,0,train
156356.jpg,1,train
180447.jpg,1,train
021233.jpg,1,train
141884.jpg,1,train
173788.jpg,1,train
116616.jpg,0,train
030376.jpg,0,test
043058.jpg,0,val
160103.jpg,1,train
044060.jpg,1,test
181089.jpg,1,train
151350.jpg,1,test
047246.jpg,1,test
202554.jpg,0,val
123401.jpg,1,train
166249.jpg,1,train
200609.jpg,1,train
140834.jpg,1,train
027239.jpg,1,val
117864.jpg,0,train
163788.jpg,1,test
195227.jpg,1,train
118540.jpg,1,train
068279.jpg,1,train
143713.jpg,0,train
148829.jpg,1,train
199602.jpg,0,train
200087.jpg,0,train
061142.jpg,0,train
202247.jpg,1,train
175451.jpg,0,train
088694.jpg,1,train
182270.jpg,0,train
188118.jpg,1,train
029753.jpg,1,train
010126.jpg,1,train
101151.jpg,1,train
039961.jpg,0,train
163795.jpg,1,val
010502.jpg,0,val
000540.jpg,0,train
193020.jpg,1,train
086023.jpg,0,val
068144.jpg,0,val
081724.jpg,1,train
160962.jpg,0,train
177074.jpg,0,train
039525.jpg,0,test
094539.jpg,1,train
056369.jpg,0,train
047557.jpg,1,train
161771.jpg,0,train
166326.jpg,0,train
046057.jpg,1,train
172169.jpg,0,val
012443.jpg,0,train
128019.jpg,1,train
164830.jpg,0,train
141888.jpg,1,test
113733.jpg,1,train
048602.jpg,1,train
183059.jpg,1,val
009210.jpg,0,train
098818.jpg,0,train
162555.jpg,0,train
051432.jpg,1,train
127859.jpg,1,train
019217.jpg,0,train
041233.jpg,1,train
058176.jpg,1,train
027091.jpg,0,train
107919.jpg,0,val
082632.jpg,1,train
084241.jpg,0,train
039156.jpg,1,train
021818.jpg,1,train
132751.jpg,1,val
078896.jpg,1,train
201341.jpg,0,train
020204.jpg,0,train
083508.jpg,1,train
064693.jpg,0,train
176521.jpg,1,val
087334.jpg,1,train
142195.jpg,0,train
145004.jpg,1,train
157912.jpg,0,train
083530.jpg,1,train
038124.jpg,1,train
097918.jpg,0,train
062096.jpg,1,val
101371.jpg,0,train
001063.jpg,1,train
016298.jpg,0,val
073712.jpg,0,train
141982.jpg,1,train
042376.jpg,1,train
133841.jpg,1,val
157754.jpg,0,train
072387.jpg,0,train
132704.jpg,1,train
120298.jpg,1,train
004265.jpg,1,test
145383.jpg,0,val
166616.jpg,1,train
040414.jpg,1,val
164725.jpg,0,test
191575.jpg,1,train
086819.jpg,0,train
146737.jpg,0,train
171781.jpg,1,val
125752.jpg,1,train
047216.jpg,1,train
080617.jpg,0,train
195090.jpg,1,train
140840.jpg,0,train
130493.jpg,0,train
007352.jpg,1,train
160205.jpg,0,test
096448.jpg,1,train
145839.jpg,1,train
128783.jpg,1,train
117800.jpg,0,train
144278.jpg,0,val
109912.jpg,0,train
031158.jpg,1,train
035617.jpg,1,train
136773.jpg,0,train
171025.jpg,0,train
149812.jpg,1,train
173258.jpg,0,train
065616.jpg,0,train
003284.jpg,1,train
130642.jpg,0,train
162796.jpg,1,train
194886.jpg,1,train
123274.jpg,0,train
061318.jpg,1,train
091466.jpg,0,train
066678.jpg,0,test
101057.jpg,1,train
062089.jpg,0,val
183571.jpg,0,train
153529.jpg,1,train
193523.jpg,1,val
093438.jpg,1,val
027358.jpg,0,test
195595.jpg,1,train
123262.jpg,0,test
113627.jpg,1,train
164439.jpg,1,train
119962.jpg,1,train
110192.jpg,1,train
146705.jpg,0,train
019682.jpg,0,val
111609.jpg,0,val
125590.jpg,1,train
014422.jpg,0,train
185912.jpg,0,train
060580.jpg,0,train
167958.jpg,1,train
106272.jpg,0,train
016200.jpg,0,val
134416.jpg,1,train
110549.jpg,0,train
158880.jpg,0,train
055369.jpg,1,train
009604.jpg,1,train
018768.jpg,1,train
011140.jpg,1,train
108913.jpg,1,train
107311.jpg,1,train
186417.jpg,0,train
105408.jpg,0,train
082477.jpg,1,train
061967.jpg,0,val
043348.jpg,1,train
066418.jpg,1,train
019477.jpg,0,train
178900.jpg,1,train
025805.jpg,0,test
020310.jpg,0,train
181729.jpg,1,train
180937.jpg,1,train
055405.jpg,0,test
018222.jpg,0,train
013325.jpg,0,train
044826.jpg,1,train
153467.jpg,0,test
039135.jpg,0,train
032135.jpg,0,test
192224.jpg,0,test
064895.jpg,1,val
184433.jpg,0,train
187472.jpg,1,train
025921.jpg,1,train
153789.jpg,1,train
123183.jpg,0,test
131037.jpg,0,train
148428.jpg,1,train
153974.jpg,0,train
124210.jpg,1,test
097055.jpg,0,val
082582.jpg,0,train
123910.jpg,0,train
049187.jpg,1,train
120266.jpg,0,train
187298.jpg,0,train
113637.jpg,0,test
020524.jpg,0,train
068443.jpg,0,train
040621.jpg,1,train
122122.jpg,1,test
121486.jpg,1,train
142769.jpg,1,train
095227.jpg,1,train
051803.jpg,0,train
137929.jpg,1,train
097816.jpg,1,train
192864.jpg,1,train
176750.jpg,0,train
156038.jpg,1,train
160651.jpg,1,train
058903.jpg,1,train
076157.jpg,1,train
053586.jpg,1,train
112017.jpg,1,train
055740.jpg,0,train
100119.jpg,0,train
107717.jpg,0,train
086908.jpg,1,val
196813.jpg,0,train
167738.jpg,1,test
200886.jpg,1,test
086475.jpg,1,val
012230.jpg,0,train
093982.jpg,0,train
020033.jpg,0,test
136144.jpg,1,train
163226.jpg,1,train
037332.jpg,1,test
106921.jpg,1,train
105692.jpg,0,test
024809.jpg,0,train
042030.jpg,1,train
023486.jpg,1,train
169864.jpg,1,train
061801.jpg,1,train
080037.jpg,0,train
148083.jpg,1,train
101665.jpg,1,train
133431.jpg,0,val
071048.jpg,1,train
087580.jpg,1,train
195191.jpg,0,train
106734.jpg,0,val
029873.jpg,0,train
130085.jpg,0,test
070787.jpg,1,train
084285.jpg,0,train
059898.jpg,1,train
060290.jpg,0,test
038106.jpg,1,test
051179.jpg,0,train
117536.jpg,0,train
015824.jpg,1,val
043895.jpg,0,test
196055.jpg,1,train
163865.jpg,1,train
107651.jpg,1,test
143351.jpg,0,train
158391.jpg,0,train
080596.jpg,0,train
109986.jpg,1,train
199536.jpg,0,train
008262.jpg,0,train
033608.jpg,1,train
078851.jpg,0,train
005743.jpg,1,test
149622.jpg,0,train
095526.jpg,1,train
028338.jpg,1,train
162897.jpg,1,train
103630.jpg,1,train
092606.jpg,0,train
093819.jpg,1,train
181915.jpg,0,train
049131.jpg,0,train
164608.jpg,0,train
054038.jpg,0,train
031639.jpg,1,train
113416.jpg,1,train
011015.jpg,1,train
135538.jpg,1,train
178113.jpg,0,train
027369.jpg,0,train
074590.jpg,0,train
069245.jpg,0,val
041834.jpg,0,train
039455.jpg,0,val
046461.jpg,0,train
159385.jpg,0,train
060475.jpg,1,train
199104.jpg,1,train
121193.jpg,0,train
024328.jpg,0,test
160188.jpg,0,test
158010.jpg,0,test
168041.jpg,1,train
142160.jpg,1,train
059900.jpg,0,val
030062.jpg,0,train
000193.jpg,1,train
141691.jpg,1,train
014425.jpg,1,train
007612.jpg,1,train
037970.jpg,0,train
159341.jpg,1,train
001099.jpg,0,train
060451.jpg,1,test
001613.jpg,1,test
107731.jpg,0,train
171794.jpg,0,train
126564.jpg,0,train
139894.jpg,1,train
096035.jpg,1,train
013145.jpg,0,train
010237.jpg,1,train
097757.jpg,1,train
184435.jpg,1,train
139949.jpg,1,val
179965.jpg,0,train
015210.jpg,0,train
053628.jpg,1,train
017834.jpg,0,test
065981.jpg,1,val
096511.jpg,0,train
148741.jpg,0,train
097894.jpg,0,train
147494.jpg,1,train
162039.jpg,0,train
014772.jpg,0,train
057959.jpg,0,train
075579.jpg,1,train
085496.jpg,1,train
011035.jpg,1,train
033299.jpg,1,val
146817.jpg,0,train
079463.jpg,0,train
183193.jpg,0,train
077513.jpg,0,train
062822.jpg,1,test
030681.jpg,1,test
057464.jpg,0,test
108768.jpg,1,train
143326.jpg,1,train
093600.jpg,1,val
199335.jpg,0,train
116346.jpg,0,train
088567.jpg,1,train
033069.jpg,0,train
186053.jpg,1,train
001738.jpg,0,train
160972.jpg,0,train
187344.jpg,0,train
150228.jpg,1,train
093785.jpg,0,train
117586.jpg,0,train
018694.jpg,0,train
119475.jpg,1,train
065262.jpg,1,train
038924.jpg,1,train
177298.jpg,1,train
148875.jpg,1,train
031089.jpg,0,test
078384.jpg,0,train
201892.jpg,1,train
155578.jpg,1,train
058179.jpg,0,train
146324.jpg,0,train
176151.jpg,0,train
116582.jpg,0,train
078071.jpg,1,train
057286.jpg,0,train
031495.jpg,0,val
005334.jpg,0,val
162212.jpg,1,val
089935.jpg,1,train
169803.jpg,1,train
019046.jpg,1,train
057860.jpg,0,train
186929.jpg,0,train
148479.jpg,1,train
132771.jpg,1,test
097510.jpg,1,train
059582.jpg,0,train
189651.jpg,0,train
197799.jpg,1,train
121196.jpg,1,train
159469.jpg,1,train
182969.jpg,1,train
180425.jpg,1,train
129631.jpg,0,test
089429.jpg,1,train
066180.jpg,1,train
164570.jpg,0,train
066071.jpg,1,val
176345.jpg,1,train
067871.jpg,0,train
128953.jpg,0,train
047900.jpg,1,train
183983.jpg,1,train
195321.jpg,1,train
152445.jpg,1,train
139245.jpg,1,train
072764.jpg,1,train
104314.jpg,1,train
080684.jpg,0,train
079979.jpg,1,train
010684.jpg,1,train
030290.jpg,0,val
027402.jpg,0,train
120647.jpg,1,train
154255.jpg,1,train
183260.jpg,1,train
130791.jpg,1,train
110251.jpg,1,train
129497.jpg,1,train
110203.jpg,0,train
107895.jpg,0,train
142789.jpg,0,train
093657.jpg,0,train
000608.jpg,1,train
191625.jpg,0,train
106592.jpg,0,train
075423.jpg,1,train
189642.jpg,1,train
025154.jpg,1,train
145347.jpg,0,train
155241.jpg,1,test
148504.jpg,1,train
102037.jpg,0,test
144297.jpg,1,train
164120.jpg,0,val
120361.jpg,1,train
198047.jpg,1,train
108648.jpg,0,test
043931.jpg,1,train
055003.jpg,1,train
036199.jpg,0,train
192294.jpg,0,train
156250.jpg,1,train
142090.jpg,0,train
201183.jpg,0,val
104548.jpg,1,train
088350.jpg,1,train
193279.jpg,1,train
146957.jpg,0,train
133425.jpg,0,train
157868.jpg,1,test
098430.jpg,1,train
091731.jpg,0,train
145475.jpg,1,train
151681.jpg,1,train
147380.jpg,1,train
085964.jpg,1,train
188641.jpg,0,train
185758.jpg,0,val
158797.jpg,1,train
054707.jpg,0,test
095277.jpg,1,train
191313.jpg,0,train
084894.jpg,1,train
179994.jpg,1,train
073662.jpg,1,train
114351.jpg,0,train
167816.jpg,0,train
129565.jpg,1,train
136034.jpg,0,val
093617.jpg,1,train
099192.jpg,0,train
072434.jpg,0,train
081419.jpg,0,train
017651.jpg,0,train
106153.jpg,1,train
152743.jpg,1,train
053505.jpg,1,val
082142.jpg,0,train
076587.jpg,0,train
000053.jpg,1,train
190778.jpg,1,train
189691.jpg,1,train
126488.jpg,0,train
118176.jpg,0,train
043344.jpg,0,train
026534.jpg,1,train
107939.jpg,1,train
196992.jpg,0,train
106232.jpg,0,train
132224.jpg,0,train
082969.jpg,1,train
069268.jpg,0,train
077426.jpg,1,train
169361.jpg,1,train
013550.jpg,0,train
062974.jpg,0,train
055129.jpg,1,train
024138.jpg,0,train
167375.jpg,1,train
198673.jpg,0,train
158065.jpg,1,train
028495.jpg,1,train
059443.jpg,0,train
202277.jpg,1,train
122539.jpg,0,train
148839.jpg,0,train
040508.jpg,1,train
081080.jpg,0,train
139170.jpg,0,train
056070.jpg,0,test
104421.jpg,0,train
052059.jpg,0,test
045656.jpg,1,train
014523.jpg,1,train
197482.jpg,1,train
040307.jpg,1,train
063053.jpg,0,train
155445.jpg,0,train
162738.jpg,0,train
013856.jpg,1,test
102747.jpg,0,train
071631.jpg,0,train
104106.jpg,0,train
183595.jpg,1,train
075556.jpg,1,train
200978.jpg,1,train
094101.jpg,1,train
136248.jpg,0,train
085209.jpg,0,train
196896.jpg,1,val
090485.jpg,1,train
029230.jpg,0,train
149131.jpg,1,test
142710.jpg,0,train
084954.jpg,1,test
039373.jpg,1,train
143509.jpg,1,train
002184.jpg,0,train
160744.jpg,0,train
193529.jpg,1,test
190974.jpg,0,train
198162.jpg,0,train
154982.jpg,1,train
083663.jpg,0,train
106466.jpg,1,train
134465.jpg,1,val
178145.jpg,1,test
170324.jpg,0,train
005112.jpg,1,test
069794.jpg,0,train
081983.jpg,1,train
188317.jpg,1,test
064781.jpg,1,train
056154.jpg,1,train
033068.jpg,0,train
186426.jpg,1,val
152294.jpg,0,test
114306.jpg,0,train
050835.jpg,0,test
201314.jpg,0,val
135429.jpg,0,train
097587.jpg,1,train
137608.jpg,0,train
057788.jpg,0,test
011261.jpg,1,train
015126.jpg,1,train
176727.jpg,0,test
028026.jpg,0,train
042761.jpg,1,train
062944.jpg,1,train
013298.jpg,1,train
156656.jpg,1,train
141601.jpg,0,train
091295.jpg,0,val
057367.jpg,0,test
077270.jpg,1,val
136181.jpg,1,train
055075.jpg,1,train
082697.jpg,1,train
007135.jpg,0,val
138002.jpg,1,val
180747.jpg,1,train
065567.jpg,0,train
029140.jpg,1,train
173705.jpg,0,train
096344.jpg,0,test
020364.jpg,1,train
156053.jpg,1,train
152155.jpg,0,train
049279.jpg,0,val
162296.jpg,0,train
164259.jpg,1,test
148960.jpg,1,test
045351.jpg,0,train
094291.jpg,0,train
045380.jpg,0,train
139010.jpg,0,train
117299.jpg,0,train
051148.jpg,0,train
072994.jpg,1,val
024141.jpg,0,val
190050.jpg,1,train
143971.jpg,1,train
151065.jpg,1,train
119787.jpg,1,test
166098.jpg,0,val
035881.jpg,1,train
117829.jpg,0,train
043617.jpg,0,train
186793.jpg,1,train
085600.jpg,0,train
172549.jpg,0,val
153209.jpg,1,train
163777.jpg,1,train
144519.jpg,1,test
153665.jpg,0,train
117252.jpg,0,train
092977.jpg,1,train
063056.jpg,1,train
070563.jpg,1,train
101034.jpg,1,train
096501.jpg,1,train
196191.jpg,1,train
148343.jpg,1,train
047297.jpg,1,train
054727.jpg,1,train
030337.jpg,0,train
084174.jpg,0,train
079888.jpg,0,val
159617.jpg,0,train
174695.jpg,0,train
059255.jpg,0,train
082283.jpg,0,train
004153.jpg,0,val
200305.jpg,0,train
006795.jpg,1,train
072466.jpg,1,train
142838.jpg,0,val
069627.jpg,1,test
052546.jpg,1,train
099500.jpg,0,train
087928.jpg,0,train
089622.jpg,1,train
058015.jpg,0,train
140783.jpg,1,train
044279.jpg,1,val
144077.jpg,1,train
094202.jpg,1,train
135746.jpg,1,train
186081.jpg,1,val
034530.jpg,1,train
172724.jpg,0,train
201271.jpg,1,test
038867.jpg,1,train
121313.jpg,0,train
102416.jpg,0,val
174144.jpg,0,train
181756.jpg,1,val
154157.jpg,0,train
127491.jpg,0,train
030811.jpg,0,val
043210.jpg,0,train
146183.jpg,1,test
194855.jpg,1,train
052018.jpg,0,train
182524.jpg,0,train
107318.jpg,1,train
090104.jpg,1,val
027822.jpg,0,train
179600.jpg,0,train
063986.jpg,0,train
201198.jpg,1,train
035410.jpg,0,train
181702.jpg,1,train
181301.jpg,0,test
066029.jpg,1,train
090203.jpg,1,train
191653.jpg,1,val
016599.jpg,0,train
016928.jpg,0,test
163035.jpg,0,val
039945.jpg,0,train
178380.jpg,0,train
127725.jpg,0,val
099306.jpg,1,train
034547.jpg,0,val
154399.jpg,1,val
107165.jpg,0,train
196387.jpg,0,train
008434.jpg,1,train
072909.jpg,1,test
111401.jpg,0,train
182597.jpg,0,val
048618.jpg,0,train
107277.jpg,0,train
148059.jpg,0,train
101585.jpg,0,train
152602.jpg,0,train
004901.jpg,0,train
007973.jpg,1,train
110023.jpg,1,train
063216.jpg,0,train
127711.jpg,0,train
011177.jpg,1,train
045563.jpg,1,train
199831.jpg,0,train
074095.jpg,1,train
019912.jpg,1,val
182233.jpg,1,train
096638.jpg,1,train
033731.jpg,1,train
094821.jpg,1,train
078739.jpg,1,train
099906.jpg,1,train
021000.jpg,1,val
056030.jpg,0,train
188287.jpg,1,train
074145.jpg,0,train
099526.jpg,1,train
150661.jpg,0,val
102199.jpg,0,train
052304.jpg,1,train
122924.jpg,0,train
073829.jpg,0,val
002920.jpg,0,val
097940.jpg,0,val
052413.jpg,1,test
163748.jpg,0,train
139478.jpg,0,test
040568.jpg,0,train
083347.jpg,0,train
023066.jpg,1,val
093575.jpg,1,test
124976.jpg,0,train
193013.jpg,1,test
028874.jpg,1,train
190773.jpg,0,train
131366.jpg,1,train
161714.jpg,1,train
043445.jpg,0,train
144352.jpg,1,train
056693.jpg,1,train
144770.jpg,0,train
048734.jpg,0,train
023181.jpg,1,train
185344.jpg,1,train
015915.jpg,1,val
082288.jpg,1,train
079270.jpg,1,train
128642.jpg,0,train
195803.jpg,1,train
005972.jpg,1,test
188966.jpg,0,train
064495.jpg,0,val
015885.jpg,0,train
201274.jpg,1,test
112903.jpg,1,train
013776.jpg,0,train
173803.jpg,1,val
029019.jpg,0,train
160217.jpg,0,train
045970.jpg,1,train
140215.jpg,0,train
006066.jpg,1,train
178246.jpg,0,train
002715.jpg,0,train
155379.jpg,0,train
172989.jpg,0,train
046537.jpg,0,train
103142.jpg,1,train
147507.jpg,1,train
127182.jpg,1,train
128087.jpg,0,train
171739.jpg,1,train
146433.jpg,1,train
145520.jpg,1,train
196551.jpg,0,test
079778.jpg,1,train
185242.jpg,1,train
046279.jpg,1,train
186574.jpg,0,train
199867.jpg,1,train
076632.jpg,1,val
123458.jpg,1,test
119041.jpg,0,train
095842.jpg,1,train
200317.jpg,1,train
053681.jpg,1,train
046624.jpg,1,val
106766.jpg,0,train
200018.jpg,0,test
018707.jpg,1,train
069290.jpg,1,train
126877.jpg,1,train
104393.jpg,0,train
065494.jpg,1,train
125426.jpg,1,train
011031.jpg,1,train
113861.jpg,0,train
004013.jpg,0,train
057302.jpg,1,train
184289.jpg,1,train
083852.jpg,0,train
